Patient ID,NRIC_Last5,Full Patient Name,DOTS (dd/mm/yyyy),Blood Test Date (dd/mm/yyyy),Care Setting,Immunosuppressant Used,Serum Creatinine (µmol/L),eGFR (mL/min/1.73 m²),Albumin (g/L),Urea (mmol/L),Sodium (mmol/L),Potassium (mmol/L),Bicarbonate (mmol/L),ALT (U/L),AST (U/L),ALP (U/L),GGT (U/L),Total Bilirubin (µmol/L),Total Cholesterol (mmol/L),LDL-C (mmol/L),HDL-C (mmol/L),Triglycerides (mmol/L),WBC (×10⁹/L),Haemoglobin (g/dL),Platelets (×10⁹/L),Drug Trough C0 (ng/mL),Drug C2 (ng/mL),Estimated Dose (mg/day)
RT1037,1535C,Siti Binte Hassan,7/7/2025,8/7/2025,Inpatient,Cyclosporin,145.2,61.1,35.1,11.7,139,4,21,40,29,69,21,12,4.7,3.1,1.1,1.1,8.1,14.3,211,124.08,1084.5,342.32
RT1037,1535C,Siti Binte Hassan,7/7/2025,9/7/2025,Inpatient,Cyclosporin,140.9,48.6,38.7,8.1,140,4.9,26,34,44,83,41,16,4.5,2.5,1.2,1.6,8.9,13.6,200,219.48,1273.26,342.32
RT1037,1535C,Siti Binte Hassan,7/7/2025,10/7/2025,Inpatient,Cyclosporin,134.7,69.4,42,11.9,136,5,27,20,29,68,59,22,4.1,2.1,1.1,2.1,11.1,14,233,207.3,972.85,342.32
RT1037,1535C,Siti Binte Hassan,7/7/2025,11/7/2025,Inpatient,Cyclosporin,118.1,75.9,39.3,6.3,134,4,25,52,17,98,82,14,4.7,3.3,0.9,1.1,8,14,262,213.68,963.35,342.32
RT1037,1535C,Siti Binte Hassan,7/7/2025,12/7/2025,Inpatient,Cyclosporin,110.1,34.4,34.4,8,135,4,25,17,25,40,57,24,5,3.6,1.1,0.8,13,13.5,311,163.29,1379.83,342.32
RT1037,1535C,Siti Binte Hassan,7/7/2025,13/7/2025,Inpatient,Cyclosporin,114.7,74.4,43.2,8,132,4.4,21,48,37,70,42,20,4.2,2,1.3,1.8,9.5,12.9,202,149.65,1190.71,342.32
RT1037,1535C,Siti Binte Hassan,7/7/2025,14/7/2025,Inpatient,Cyclosporin,125.3,29.4,39.2,3.1,137,4.6,24,19,40,152,59,10,5,3,1.4,1.3,10.3,11.2,159,252.12,1143.73,342.32
RT1037,1535C,Siti Binte Hassan,7/7/2025,15/7/2025,Inpatient,Cyclosporin,143.2,66.5,38.4,8.5,141,4.9,24,29,32,107,85,19,4.1,3,0.7,0.8,6.6,10.6,217,213.39,1054.86,342.32
RT1037,1535C,Siti Binte Hassan,7/7/2025,22/7/2025,Outpatient,Cyclosporin,100.2,83.2,40.2,7.7,136,4.2,26,20,28,91,34,10,4.3,2.8,0.9,1.4,5.2,13.4,256,199.34,879.1,295.64
RT1037,1535C,Siti Binte Hassan,7/7/2025,29/7/2025,Outpatient,Cyclosporin,90,85.5,38.3,8.1,142,3.5,25,51,33,108,46,14,5.1,3.4,1.2,1.2,7.6,14,167,124.27,905,295.64
RT1037,1535C,Siti Binte Hassan,7/7/2025,5/8/2025,Outpatient,Cyclosporin,104.1,113.1,41.6,4.4,135,4,24,14,18,44,42,11,4.8,2.9,1.2,1.6,6.8,12.9,304,193.49,586.3,295.64
RT1037,1535C,Siti Binte Hassan,7/7/2025,12/8/2025,Outpatient,Cyclosporin,78.6,61.2,41,5.9,144,3.7,26,26,25,107,73,9,5,3.5,1.2,0.8,3.6,13.5,332,221.03,836.35,295.64
RT1037,1535C,Siti Binte Hassan,7/7/2025,19/8/2025,Outpatient,Cyclosporin,107.7,91.9,38.1,7,137,4.1,22,28,17,67,55,10,4.5,2.5,1.2,1.9,9.3,14.5,296,155.59,761.56,295.64
RT1037,1535C,Siti Binte Hassan,7/7/2025,26/8/2025,Outpatient,Cyclosporin,78,79.8,41.5,6.8,134,4.8,22,20,13,104,33,18,5.7,4,1.1,1.2,7.7,12.7,193,90.84,885.92,295.64
RT1037,1535C,Siti Binte Hassan,7/7/2025,2/9/2025,Outpatient,Cyclosporin,134.3,76.7,43.2,7.1,137,5,26,33,24,128,81,14,3.5,2.1,0.8,1.3,7,13.3,281,151.9,818.27,295.64
RT1037,1535C,Siti Binte Hassan,7/7/2025,9/9/2025,Outpatient,Cyclosporin,104.4,73.2,39,6.5,137,3.2,24,28,33,80,40,7,5,3.1,1.4,1.2,8.3,12.2,227,125.57,568.55,295.64
RT1037,1535C,Siti Binte Hassan,7/7/2025,16/9/2025,Outpatient,Cyclosporin,91.2,81.3,41.5,7.3,137,4.7,26,17,36,133,46,18,3.6,1.9,1.2,1.2,6.2,14.9,285,155.4,631.76,295.64
RT1037,1535C,Siti Binte Hassan,7/7/2025,23/9/2025,Outpatient,Cyclosporin,96,59.6,37.9,8.1,141,4.1,26,23,15,61,63,18,4.9,3.2,1,1.5,6.2,14.4,284,223.07,872.56,295.64
RT1037,1535C,Siti Binte Hassan,7/7/2025,30/9/2025,Outpatient,Cyclosporin,88.9,46.1,41.5,6,138,3.9,23,19,32,78,76,13,5.3,3.5,1.1,1.6,4.6,14,239,154.03,879.75,295.64
RT1037,1535C,Siti Binte Hassan,7/7/2025,7/10/2025,Outpatient,Cyclosporin,101,65.8,39.8,5.8,139,4.2,27,22,27,67,15,14,5,2.8,1.5,1.5,5.5,14.1,254,166.57,751.86,295.64
RT1026,6370D,Chew Chen Xiao,4/6/2025,5/6/2025,Inpatient,Tacrolimus,137.9,65,39.6,8.5,143,4.9,27,63,12,61,111,27,4.9,3.1,1.1,1.5,7.9,13.9,308,8.4,,4.65
RT1026,6370D,Chew Chen Xiao,4/6/2025,6/6/2025,Inpatient,Tacrolimus,119.8,56.3,32.4,9.3,135,4.3,24,42,37,40,111,13,5.3,4.4,0.7,0.5,6.8,13.4,90,10.71,,4.65
RT1026,6370D,Chew Chen Xiao,4/6/2025,7/6/2025,Inpatient,Tacrolimus,139.8,83,32.3,9.3,134,4.3,22,14,44,117,90,24,4.7,2.7,1.3,1.5,7.7,12.2,222,9.26,,4.65
RT1026,6370D,Chew Chen Xiao,4/6/2025,8/6/2025,Inpatient,Tacrolimus,133.8,50.7,34.2,12.1,138,5.3,22,53,30,82,103,14,3.6,2.4,0.6,1.5,12.7,11.9,211,11.7,,4.65
RT1026,6370D,Chew Chen Xiao,4/6/2025,9/6/2025,Inpatient,Tacrolimus,107.7,67.6,36.4,7.8,141,4.1,21,19,30,83,37,26,4,2.4,1,1.4,7.1,12.3,295,10.45,,4.65
RT1026,6370D,Chew Chen Xiao,4/6/2025,10/6/2025,Inpatient,Tacrolimus,121.5,69.5,39.8,4.7,137,4.4,24,41,41,113,90,12,5,3.3,0.7,2,7.5,12.4,212,8.83,,4.65
RT1026,6370D,Chew Chen Xiao,4/6/2025,17/6/2025,Outpatient,Tacrolimus,90.6,85,42.2,9,137,4.1,25,29,17,90,29,12,5.2,3.2,1.1,1.9,6,14.3,206,5.33,,4.02
RT1026,6370D,Chew Chen Xiao,4/6/2025,24/6/2025,Outpatient,Tacrolimus,101.8,61.9,38.7,6.3,136,4.5,28,8,25,76,57,14,5.1,3.3,1.2,1.1,7.1,13.2,229,6.73,,4.02
RT1026,6370D,Chew Chen Xiao,4/6/2025,1/7/2025,Outpatient,Tacrolimus,60,85.4,42.4,8.2,141,3.7,26,23,10,106,60,17,5.4,3.5,1.2,1.5,7.6,15.1,258,8.34,,4.02
RT1026,6370D,Chew Chen Xiao,4/6/2025,8/7/2025,Outpatient,Tacrolimus,71.5,60.5,40.4,6.7,136,4.7,25,19,31,94,50,9,5.2,3.5,1.2,1.2,6.6,14.7,90,4.78,,4.02
RT1026,6370D,Chew Chen Xiao,4/6/2025,15/7/2025,Outpatient,Tacrolimus,140.3,67.6,40.6,8.2,138,5.2,21,32,23,108,63,13,4.8,2.9,1.3,1.4,7.4,12.3,233,7.37,,4.02
RT1026,6370D,Chew Chen Xiao,4/6/2025,22/7/2025,Outpatient,Tacrolimus,77.9,67.3,36.7,7.3,134,4.5,23,30,25,98,68,22,4.1,2.3,1.4,1,6.8,12.3,258,7.91,,4.02
RT1026,6370D,Chew Chen Xiao,4/6/2025,29/7/2025,Outpatient,Tacrolimus,81.7,96.4,41,9.5,137,4.4,22,25,27,121,41,17,5.4,3.5,1.1,1.6,7.7,13.1,302,9.98,,4.02
RT1026,6370D,Chew Chen Xiao,4/6/2025,5/8/2025,Outpatient,Tacrolimus,104.2,85.9,42.5,5.4,138,4.9,26,39,23,142,31,10,4.9,2.8,1.2,2.1,8.4,13.8,239,8.01,,4.02
RT1026,6370D,Chew Chen Xiao,4/6/2025,12/8/2025,Outpatient,Tacrolimus,75.6,91.8,38.1,5,141,5.4,23,25,19,93,48,15,4.9,3.3,1,1.4,4.5,14.2,146,8.55,,4.02
RT1026,6370D,Chew Chen Xiao,4/6/2025,19/8/2025,Outpatient,Tacrolimus,83,83.1,40.1,6.6,135,3.7,24,30,16,85,50,12,4.6,2.5,1.3,1.8,4.8,14.2,270,6.24,,4.02
RT1026,6370D,Chew Chen Xiao,4/6/2025,26/8/2025,Outpatient,Tacrolimus,102.4,57.1,41.3,3,140,4,26,8,26,93,84,10,5.1,3.2,1.2,1.7,5.5,13.3,272,8.84,,4.02
RT1026,6370D,Chew Chen Xiao,4/6/2025,2/9/2025,Outpatient,Tacrolimus,95,49.3,37.6,5,139,4.3,25,32,25,99,79,16,4.1,2,1.3,1.8,6.4,12.8,272,6.99,,4.02
RT1078,7600H,Lee Hui Chen,15/6/2025,16/6/2025,Inpatient,Tacrolimus,133.7,72.4,32.5,10.2,138,4.7,21,22,30,68,48,11,3.9,1.8,1.1,2.1,7,12.4,303,12.03,,4
RT1078,7600H,Lee Hui Chen,15/6/2025,17/6/2025,Inpatient,Tacrolimus,109.8,39.4,35.6,7.1,137,5.6,24,36,36,104,100,18,5.6,3.7,1.2,1.5,7.5,13.2,282,11.28,,4
RT1078,7600H,Lee Hui Chen,15/6/2025,18/6/2025,Inpatient,Tacrolimus,107.9,66.5,38.1,9.5,135,4.2,21,32,19,125,37,14,5.5,4,0.8,1.5,4,13.3,198,8.99,,4
RT1078,7600H,Lee Hui Chen,15/6/2025,19/6/2025,Inpatient,Tacrolimus,124.7,84.4,37,12.8,140,4.4,23,43,42,95,75,15,5.2,3.7,1,1.2,8.3,12.7,178,11.17,,4
RT1078,7600H,Lee Hui Chen,15/6/2025,20/6/2025,Inpatient,Tacrolimus,140.2,62.3,38.2,4.8,139,4.9,21,44,21,67,29,18,4.8,3.2,1.2,1.1,9,12.5,216,12.67,,4
RT1078,7600H,Lee Hui Chen,15/6/2025,21/6/2025,Inpatient,Tacrolimus,140.2,90.3,31.6,13.1,134,4.4,23,37,28,158,98,17,4.2,2.4,1.3,0.9,5.5,13.8,257,10.4,,4
RT1078,7600H,Lee Hui Chen,15/6/2025,22/6/2025,Inpatient,Tacrolimus,119.5,46.9,37,6.2,142,4.4,22,48,39,144,84,13,4.8,2.3,1.4,2.4,8.3,13.4,314,9.75,,4
RT1078,7600H,Lee Hui Chen,15/6/2025,23/6/2025,Inpatient,Tacrolimus,101.7,68,35.7,7,137,4.5,24,27,30,86,117,19,5.2,3.7,1,1.2,5.2,12.1,223,14.24,,4
RT1078,7600H,Lee Hui Chen,15/6/2025,24/6/2025,Inpatient,Tacrolimus,129.2,60.1,37.7,7.3,140,4.8,17,30,20,114,13,20,4,2.2,1.2,1.3,12.9,15.1,228,8.98,,4
RT1078,7600H,Lee Hui Chen,15/6/2025,25/6/2025,Inpatient,Tacrolimus,111,93.5,35.3,10.1,140,3.9,26,44,31,45,35,20,5.2,3.5,0.9,1.6,7.5,13.1,227,11.73,,4
RT1078,7600H,Lee Hui Chen,15/6/2025,26/6/2025,Inpatient,Tacrolimus,109,80.1,33.5,5.6,136,4.2,25,42,45,122,91,20,5,3.1,1.2,1.4,8.6,13.2,105,7.6,,4
RT1078,7600H,Lee Hui Chen,15/6/2025,3/7/2025,Outpatient,Tacrolimus,92,59.4,41.8,9.6,143,4.7,23,30,34,140,45,13,6.1,4.4,1.2,1,5.6,14.9,230,7.64,,3.45
RT1078,7600H,Lee Hui Chen,15/6/2025,10/7/2025,Outpatient,Tacrolimus,68.5,70.4,37.1,7.6,143,4.5,26,26,24,82,56,11,4.8,2.6,1.5,1.8,7,13,241,10.32,,3.45
RT1078,7600H,Lee Hui Chen,15/6/2025,17/7/2025,Outpatient,Tacrolimus,100.1,76.5,40.9,9.8,140,3.7,22,36,18,108,50,6,5.2,3.3,1.1,1.7,6.7,12.8,280,8.45,,3.45
RT1078,7600H,Lee Hui Chen,15/6/2025,24/7/2025,Outpatient,Tacrolimus,68.4,81.4,38,3.5,133,4.3,25,21,22,70,65,15,5.8,4.4,0.8,1.2,6,13.3,136,8.04,,3.45
RT1078,7600H,Lee Hui Chen,15/6/2025,31/7/2025,Outpatient,Tacrolimus,95.7,79.4,39,5.9,139,4.3,24,29,33,81,49,13,4.8,3.2,1.1,1.3,5.6,13.4,166,7.03,,3.45
RT1078,7600H,Lee Hui Chen,15/6/2025,7/8/2025,Outpatient,Tacrolimus,94.8,95.3,42.9,5.9,140,3.8,20,38,23,101,47,9,4.5,2.9,0.9,1.4,6.8,13.9,290,6.8,,3.45
RT1078,7600H,Lee Hui Chen,15/6/2025,14/8/2025,Outpatient,Tacrolimus,121.1,85.4,40.8,7,147,3.9,24,14,40,121,70,8,4.5,2.4,1.3,1.8,6.8,15.1,195,4.96,,3.45
RT1078,7600H,Lee Hui Chen,15/6/2025,21/8/2025,Outpatient,Tacrolimus,112.4,57.9,39.2,7.9,135,4.2,27,33,16,82,51,7,5.2,3.1,1.5,1.4,6.8,16,197,8.75,,3.45
RT1078,7600H,Lee Hui Chen,15/6/2025,28/8/2025,Outpatient,Tacrolimus,85.9,62.8,41.9,7.1,139,3.2,22,31,23,112,35,12,5.3,3.3,1,2.2,8,15.1,204,7.9,,3.45
RT1078,7600H,Lee Hui Chen,15/6/2025,4/9/2025,Outpatient,Tacrolimus,109.7,71.2,38.3,8.2,141,5,25,33,33,52,45,5,4.6,2.7,1.4,1.2,4.8,13.3,280,6.02,,3.45
RT1078,7600H,Lee Hui Chen,15/6/2025,11/9/2025,Outpatient,Tacrolimus,101.8,66.1,38.5,7.4,139,4.6,22,27,26,95,55,10,4.5,2.3,1.4,1.6,5.4,14.1,309,3.98,,3.45
RT1091,7008C,Yap Wei Zhen,25/6/2025,26/6/2025,Inpatient,Tacrolimus,107.2,66.7,37.1,10.2,140,4.3,23,43,15,69,67,24,5.1,3.3,1,1.7,7.9,14.2,178,12.31,,4.09
RT1091,7008C,Yap Wei Zhen,25/6/2025,27/6/2025,Inpatient,Tacrolimus,133.5,33.8,36.1,9.1,136,4.2,21,36,41,111,51,15,5,3.1,1.1,1.7,7.4,9.5,199,13.69,,4.09
RT1091,7008C,Yap Wei Zhen,25/6/2025,28/6/2025,Inpatient,Tacrolimus,128.9,47.8,36.2,10.3,142,3.9,21,49,24,60,62,23,5.4,3.1,1.3,2.2,4.5,14.2,221,12.78,,4.09
RT1091,7008C,Yap Wei Zhen,25/6/2025,29/6/2025,Inpatient,Tacrolimus,116.1,26.8,31,3.5,141,4.5,25,49,37,72,103,23,6.3,4.7,1.1,1.3,8,12.5,204,11.52,,4.09
RT1091,7008C,Yap Wei Zhen,25/6/2025,30/6/2025,Inpatient,Tacrolimus,89.9,15.4,35.9,7.5,138,3.5,25,8,9,91,58,13,4.2,2.6,0.9,1.5,6.3,15.1,233,8.46,,4.09
RT1091,7008C,Yap Wei Zhen,25/6/2025,1/7/2025,Inpatient,Tacrolimus,106,30,36.1,7.5,136,4,21,22,28,83,35,22,4.7,2.5,1.2,2,9,12.9,208,8.42,,4.09
RT1091,7008C,Yap Wei Zhen,25/6/2025,8/7/2025,Outpatient,Tacrolimus,99.8,58.5,38.8,4.9,136,4.8,24,32,20,121,47,15,4.6,2.5,1.5,1.4,5.8,12.5,259,7.71,,3.53
RT1091,7008C,Yap Wei Zhen,25/6/2025,15/7/2025,Outpatient,Tacrolimus,84.6,80.7,40.5,8.2,143,4.3,27,27,22,127,60,11,6,4.2,1,1.6,3.7,12.9,290,10.43,,3.53
RT1091,7008C,Yap Wei Zhen,25/6/2025,22/7/2025,Outpatient,Tacrolimus,131,60.2,41.5,4.1,138,4.9,22,43,14,100,26,14,5.4,3.4,1.1,2.1,6.7,14.9,214,8.95,,3.53
RT1091,7008C,Yap Wei Zhen,25/6/2025,29/7/2025,Outpatient,Tacrolimus,60,72.6,39,6.5,140,4.5,25,34,26,69,55,9,4.6,2.9,1,1.6,6.2,14.3,254,7.29,,3.53
RT1091,7008C,Yap Wei Zhen,25/6/2025,5/8/2025,Outpatient,Tacrolimus,60.7,116.1,37.5,9.2,143,4.2,25,24,25,81,77,16,4.3,2.5,1.1,1.5,5.5,13.1,247,7.78,,3.53
RT1091,7008C,Yap Wei Zhen,25/6/2025,12/8/2025,Outpatient,Tacrolimus,115,70.2,38.5,5.1,131,4.7,24,23,14,105,62,17,4.5,2.5,1.1,2.1,8.8,14.1,247,6.31,,3.53
RT1091,7008C,Yap Wei Zhen,25/6/2025,19/8/2025,Outpatient,Tacrolimus,73.6,47.3,39.2,6.2,136,3.7,25,28,23,107,68,13,4.8,2.4,1.3,2.5,8.5,14.3,186,8.08,,3.53
RT1091,7008C,Yap Wei Zhen,25/6/2025,26/8/2025,Outpatient,Tacrolimus,102.6,66,41.2,5.2,139,4.8,24,8,28,73,61,5,5.2,2.9,1.7,1.3,8.8,13.1,268,9.99,,3.53
RT1091,7008C,Yap Wei Zhen,25/6/2025,2/9/2025,Outpatient,Tacrolimus,131.7,78.8,39.5,2,140,4.9,22,41,24,69,66,4,5.4,3.8,1,1.2,7.3,13.3,284,8.06,,3.53
RT1091,7008C,Yap Wei Zhen,25/6/2025,9/9/2025,Outpatient,Tacrolimus,84.8,82.1,41.6,3.8,137,3.7,21,22,30,76,60,11,4.4,2.5,1.3,1.2,7.2,12.8,208,7.24,,3.53
RT1091,7008C,Yap Wei Zhen,25/6/2025,16/9/2025,Outpatient,Tacrolimus,104.4,70.5,42.9,9.2,139,3.9,24,48,20,69,48,8,6.2,4.4,1.1,1.6,7,15.5,325,7.77,,3.53
RT1091,7008C,Yap Wei Zhen,25/6/2025,23/9/2025,Outpatient,Tacrolimus,84.9,61.5,39.3,7.8,141,3.4,24,37,29,71,22,14,4.8,2.9,1.3,1.3,5.5,12.6,208,8.05,,3.53
RT1049,8690T,Nadia Bin Hassan,20/7/2025,21/7/2025,Inpatient,Tacrolimus,100,64.3,32,4.9,136,4.1,26,34,24,64,62,11,3.7,2.1,1,1.3,8.8,11.7,163,7.51,,5.02
RT1049,8690T,Nadia Bin Hassan,20/7/2025,22/7/2025,Inpatient,Tacrolimus,128.4,31.5,36.1,12.3,137,4.4,23,35,20,101,67,20,5.2,3.4,1.1,1.4,9.6,12.4,228,11.56,,5.02
RT1049,8690T,Nadia Bin Hassan,20/7/2025,23/7/2025,Inpatient,Tacrolimus,125.7,55.5,38.6,11.8,136,4.7,25,41,17,116,68,18,5.6,3.8,1.1,1.5,7.9,14.6,307,10.28,,5.02
RT1049,8690T,Nadia Bin Hassan,20/7/2025,24/7/2025,Inpatient,Tacrolimus,90.3,70.5,38.6,9.5,141,4.6,22,39,26,125,114,23,4.9,3.3,1.2,0.9,10.1,13.7,276,13.19,,5.02
RT1049,8690T,Nadia Bin Hassan,20/7/2025,25/7/2025,Inpatient,Tacrolimus,89,89.5,32.8,8.5,135,4.7,23,47,27,78,70,29,5.8,3.9,0.9,2.4,6.6,12.3,188,14.09,,5.02
RT1049,8690T,Nadia Bin Hassan,20/7/2025,26/7/2025,Inpatient,Tacrolimus,137.2,67.2,36.3,11.5,139,4.6,23,39,21,123,19,24,4.7,2.5,1.2,2.2,8,12.3,219,11.45,,5.02
RT1049,8690T,Nadia Bin Hassan,20/7/2025,27/7/2025,Inpatient,Tacrolimus,130.9,53.2,41.5,8.3,139,4,20,25,19,97,91,19,4.5,2.7,1.2,1.5,6.5,13.6,214,11.66,,5.02
RT1049,8690T,Nadia Bin Hassan,20/7/2025,28/7/2025,Inpatient,Tacrolimus,72.8,84.2,36.4,6.9,139,3.8,25,48,23,70,85,16,6.1,4.5,1.1,1.3,8.8,13.8,268,8.01,,5.02
RT1049,8690T,Nadia Bin Hassan,20/7/2025,29/7/2025,Inpatient,Tacrolimus,140.3,80.1,41.4,9.6,142,3.9,24,31,21,87,39,18,5.2,3.4,1.1,1.7,8.1,14.9,332,11.08,,5.02
RT1049,8690T,Nadia Bin Hassan,20/7/2025,30/7/2025,Inpatient,Tacrolimus,112.1,75.3,42.7,8.4,132,3.8,24,44,27,93,69,18,4.4,2.6,1,1.8,10.7,14.8,230,10.55,,5.02
RT1049,8690T,Nadia Bin Hassan,20/7/2025,31/7/2025,Inpatient,Tacrolimus,127,49.3,37.4,5.6,138,4.3,22,33,9,93,58,14,4.3,2.2,1.4,1.6,11,13.8,191,12.78,,5.02
RT1049,8690T,Nadia Bin Hassan,20/7/2025,7/8/2025,Outpatient,Tacrolimus,114.7,65.7,37.4,7.5,135,4.1,21,34,27,62,80,20,5.1,2.6,1.7,1.8,5.4,13.4,90,6.75,,4.33
RT1049,8690T,Nadia Bin Hassan,20/7/2025,14/8/2025,Outpatient,Tacrolimus,99.3,98.8,41.6,9.8,145,4.7,22,16,24,92,70,14,5.3,3.5,1.2,1.3,7.8,13.2,246,9.68,,4.33
RT1049,8690T,Nadia Bin Hassan,20/7/2025,21/8/2025,Outpatient,Tacrolimus,95.8,88.4,41.3,5.9,139,4.6,21,35,28,84,56,9,4.6,2.4,1.3,2,6,13.4,177,10.34,,4.33
RT1049,8690T,Nadia Bin Hassan,20/7/2025,28/8/2025,Outpatient,Tacrolimus,79.1,82,37.1,7.5,140,4,24,24,33,133,68,12,5.6,3.8,1.2,1.4,6.3,13.8,284,4.72,,4.33
RT1049,8690T,Nadia Bin Hassan,20/7/2025,4/9/2025,Outpatient,Tacrolimus,112,90.3,38.2,7.4,138,3.5,24,33,19,50,61,14,4.5,2.2,1.4,2.2,4.6,13.8,199,7.53,,4.33
RT1049,8690T,Nadia Bin Hassan,20/7/2025,11/9/2025,Outpatient,Tacrolimus,88.2,75.6,41.3,9.2,139,3.9,28,26,28,69,45,12,5.7,3.8,1.1,1.8,9.3,15.4,120,8.6,,4.33
RT1049,8690T,Nadia Bin Hassan,20/7/2025,18/9/2025,Outpatient,Tacrolimus,92,53,38.8,8.7,143,4.3,22,24,11,113,95,19,3.9,2.1,1.1,1.5,7.6,15.1,211,10.5,,4.33
RT1049,8690T,Nadia Bin Hassan,20/7/2025,25/9/2025,Outpatient,Tacrolimus,88.8,49.7,41.7,6.9,134,4,25,31,31,62,64,11,4.8,3.4,0.9,1.2,7.7,14.7,141,10.46,,4.33
RT1049,8690T,Nadia Bin Hassan,20/7/2025,2/10/2025,Outpatient,Tacrolimus,139.3,65.8,41.3,5.9,139,3.7,28,35,29,142,61,7,5.7,3.5,1.1,2.3,9.4,13.7,289,11.38,,4.33
RT1049,8690T,Nadia Bin Hassan,20/7/2025,9/10/2025,Outpatient,Tacrolimus,99,85.9,39.6,4.7,135,4.7,22,34,34,107,63,16,4.4,2.5,1.3,1.2,5.5,13.3,226,8.93,,4.33
RT1049,8690T,Nadia Bin Hassan,20/7/2025,16/10/2025,Outpatient,Tacrolimus,105.1,87.6,37.6,6.2,135,4.8,24,20,21,71,53,9,5,2.9,1.3,1.8,7.2,13.6,192,11.44,,4.33
RT1072,6300Q,Chua Kai Hui,12/6/2025,13/6/2025,Inpatient,Cyclosporin,126.2,83.8,34.4,8.2,139,4.4,23,60,8,65,72,18,5.1,3.5,1.1,1.2,7.2,12.8,217,199.95,1000.88,258.28
RT1072,6300Q,Chua Kai Hui,12/6/2025,14/6/2025,Inpatient,Cyclosporin,138.4,65.4,36.1,13.5,134,4.4,17,25,35,65,71,16,4.3,2.3,1.4,1.4,7.7,14.5,399,153.12,1109.7,258.28
RT1072,6300Q,Chua Kai Hui,12/6/2025,15/6/2025,Inpatient,Cyclosporin,123.6,63.5,33.9,8.3,138,3.9,27,16,29,84,79,28,6,4.2,1.2,1.4,9.4,12.1,233,244.47,1207.57,258.28
RT1072,6300Q,Chua Kai Hui,12/6/2025,16/6/2025,Inpatient,Cyclosporin,115.3,86.9,31.7,10.3,140,4.7,23,31,44,127,11,24,3.8,1.9,1.2,1.5,9.6,13.6,170,196.24,1262.11,258.28
RT1072,6300Q,Chua Kai Hui,12/6/2025,17/6/2025,Inpatient,Cyclosporin,84.6,76.5,30.4,8.9,133,3.9,26,23,15,88,51,21,5,3.5,0.8,1.6,5.3,15.9,297,223.52,1461.88,258.28
RT1072,6300Q,Chua Kai Hui,12/6/2025,18/6/2025,Inpatient,Cyclosporin,146.1,75.3,37.8,7,135,4.3,26,44,35,108,72,15,5.2,3.5,1.2,1.2,9.8,13.9,165,159.28,1140.04,258.28
RT1072,6300Q,Chua Kai Hui,12/6/2025,19/6/2025,Inpatient,Cyclosporin,70,47.8,35.3,6.5,139,4.8,26,52,13,47,29,19,4,1.8,1.4,1.6,6.1,13.8,287,177.66,983.04,258.28
RT1072,6300Q,Chua Kai Hui,12/6/2025,20/6/2025,Inpatient,Cyclosporin,127.6,53.8,34.8,7.6,133,4.4,23,25,9,69,136,17,3.9,1.8,1.5,1.4,7.3,13.8,222,206.48,810.75,258.28
RT1072,6300Q,Chua Kai Hui,12/6/2025,21/6/2025,Inpatient,Cyclosporin,98.2,69.8,35.6,6.6,134,4.4,22,17,29,101,115,13,4.7,3.4,0.8,1,6.4,14.3,337,188.63,939.52,258.28
RT1072,6300Q,Chua Kai Hui,12/6/2025,22/6/2025,Inpatient,Cyclosporin,121.9,75.6,35.3,7.2,134,4.3,27,35,21,93,44,17,4.8,3.4,1,0.8,7.4,13.1,312,161.41,1071.18,258.28
RT1072,6300Q,Chua Kai Hui,12/6/2025,23/6/2025,Inpatient,Cyclosporin,85.1,51,32.7,3.4,138,4.6,23,24,32,96,18,18,4.3,2.4,1.4,1,6.1,14.3,279,218.96,1336.28,258.28
RT1072,6300Q,Chua Kai Hui,12/6/2025,24/6/2025,Inpatient,Cyclosporin,76.7,108.1,35.3,9.7,137,3,21,29,39,97,97,15,4.2,3,1,0.5,10.5,13,229,111.05,853.33,258.28
RT1072,6300Q,Chua Kai Hui,12/6/2025,1/7/2025,Outpatient,Cyclosporin,124.4,63,41.7,6.1,141,4.6,23,24,26,64,66,19,4.9,3.6,1,0.9,8.8,13.5,219,167.08,1001.88,223.06
RT1072,6300Q,Chua Kai Hui,12/6/2025,8/7/2025,Outpatient,Cyclosporin,118.4,55.7,41.5,6,138,4.5,24,12,25,117,59,11,5.6,3.9,1.2,1.1,4.6,14.8,269,100.86,988.89,223.06
RT1072,6300Q,Chua Kai Hui,12/6/2025,15/7/2025,Outpatient,Cyclosporin,122.8,81.9,38.6,3.1,137,4.2,24,22,26,47,77,21,4.6,2.9,1.1,1.4,7.7,14.1,204,133.25,852.87,223.06
RT1072,6300Q,Chua Kai Hui,12/6/2025,22/7/2025,Outpatient,Cyclosporin,104.1,62.5,39.5,10.4,135,4,27,23,18,101,36,15,5.1,3.6,1.1,0.8,6.3,13.2,317,93.48,847.83,223.06
RT1072,6300Q,Chua Kai Hui,12/6/2025,29/7/2025,Outpatient,Cyclosporin,105.6,52.3,37.7,8.2,139,4.3,27,26,21,89,60,11,5.9,4.1,1.1,1.5,8,15.5,218,191.08,877.16,223.06
RT1072,6300Q,Chua Kai Hui,12/6/2025,5/8/2025,Outpatient,Cyclosporin,110.9,82.1,38.3,6.1,139,4.5,24,35,39,104,85,11,5.6,4.1,1.1,0.8,6,12.8,154,148.73,764.21,223.06
RT1072,6300Q,Chua Kai Hui,12/6/2025,12/8/2025,Outpatient,Cyclosporin,87,74.1,40.7,6.2,141,4.6,24,48,25,123,33,10,3.3,1.6,1.2,1.1,4.3,11.9,118,131.3,812.81,223.06
RT1072,6300Q,Chua Kai Hui,12/6/2025,19/8/2025,Outpatient,Cyclosporin,60,110.2,38.3,6.1,138,4.5,23,19,35,90,51,16,4.6,3,1,1.2,5.6,16.3,305,174.67,494.98,223.06
RT1072,6300Q,Chua Kai Hui,12/6/2025,26/8/2025,Outpatient,Cyclosporin,116.2,85.1,40.6,6.2,136,4.8,22,25,26,119,58,17,4.9,3.4,0.9,1.4,7.9,15.4,211,172.77,597.59,223.06
RT1072,6300Q,Chua Kai Hui,12/6/2025,2/9/2025,Outpatient,Cyclosporin,96.2,84.3,39.4,6.1,137,4,26,24,24,83,34,16,4.7,3.2,1.2,0.7,6,13.3,349,168.3,742.53,223.06
RT1072,6300Q,Chua Kai Hui,12/6/2025,9/9/2025,Outpatient,Cyclosporin,107.4,73.7,39.5,5.2,135,4,23,8,26,84,70,13,3.5,1.1,1.3,2.3,4.8,14.6,207,122.61,836.46,223.06
RT1015,2330K,Daniel Anderson,4/6/2025,5/6/2025,Inpatient,Cyclosporin,77.1,57.2,32.3,12,138,4.1,22,35,23,73,48,18,5.2,3.6,0.9,1.5,9.5,15.3,191,166.18,851.39,249.92
RT1015,2330K,Daniel Anderson,4/6/2025,6/6/2025,Inpatient,Cyclosporin,120,73.6,39.3,7.2,148,4.4,25,39,25,127,86,20,5.7,3.7,1.2,1.8,9,13.2,176,252.69,881.78,249.92
RT1015,2330K,Daniel Anderson,4/6/2025,7/6/2025,Inpatient,Cyclosporin,93.1,87,39.4,9.8,135,4.7,23,37,27,84,51,21,5.7,3.8,1.1,1.8,6.2,14.1,112,229.35,1419.97,249.92
RT1015,2330K,Daniel Anderson,4/6/2025,8/6/2025,Inpatient,Cyclosporin,130.6,42.4,37.2,7.2,138,4.5,24,48,35,95,43,21,5.3,4.1,1,0.5,8,12.3,292,185.99,946.35,249.92
RT1015,2330K,Daniel Anderson,4/6/2025,9/6/2025,Inpatient,Cyclosporin,123.1,75.5,32.4,8.1,138,4.4,22,25,30,126,32,16,4.4,2.7,1.1,1.5,11.7,13.2,222,226.38,1075.97,249.92
RT1015,2330K,Daniel Anderson,4/6/2025,10/6/2025,Inpatient,Cyclosporin,139.4,68.3,37,12.4,133,4.5,21,53,25,98,64,15,5,3.3,1.1,1.3,6.3,13,210,129.57,928.7,249.92
RT1015,2330K,Daniel Anderson,4/6/2025,11/6/2025,Inpatient,Cyclosporin,133.3,70.9,36.1,8.5,132,4,21,46,44,90,80,19,5.6,3.8,1.4,1,5.2,13.9,229,162.58,990.87,249.92
RT1015,2330K,Daniel Anderson,4/6/2025,12/6/2025,Inpatient,Cyclosporin,143.6,88.8,37,8,142,4.8,21,25,33,90,60,23,5.8,4.2,1,1.3,8.8,13.1,157,234.83,1116.71,249.92
RT1015,2330K,Daniel Anderson,4/6/2025,13/6/2025,Inpatient,Cyclosporin,105.7,70.4,36.6,7.7,138,4.3,22,20,19,82,65,8,4.9,3.3,0.9,1.6,8.5,10.8,176,205.82,1370.44,249.92
RT1015,2330K,Daniel Anderson,4/6/2025,14/6/2025,Inpatient,Cyclosporin,87.5,80.1,30.5,7.1,140,3.2,22,25,14,121,37,5,5.1,3.8,0.7,1.2,7.2,14.1,286,235.87,1622.79,249.92
RT1015,2330K,Daniel Anderson,4/6/2025,21/6/2025,Outpatient,Cyclosporin,114.7,79.9,40.8,4.6,140,4.1,25,20,30,117,74,10,4.9,3.3,1.1,1.2,5.9,14.3,251,123.62,627.05,215.84
RT1015,2330K,Daniel Anderson,4/6/2025,28/6/2025,Outpatient,Cyclosporin,96,69,43.8,5.2,146,4.4,20,18,11,63,65,16,5.6,3.2,1.6,1.5,6.9,11.5,237,150.72,904.58,215.84
RT1015,2330K,Daniel Anderson,4/6/2025,5/7/2025,Outpatient,Cyclosporin,112.9,78.6,35.8,8.3,138,4,23,36,30,127,57,11,4,2,1.3,1.7,4.9,12.8,245,107.56,674.15,215.84
RT1015,2330K,Daniel Anderson,4/6/2025,12/7/2025,Outpatient,Cyclosporin,88.5,78.1,39.8,7.6,133,4.1,23,32,23,118,62,15,4,1.9,1.1,2,9.9,14.7,304,164.08,880.77,215.84
RT1015,2330K,Daniel Anderson,4/6/2025,19/7/2025,Outpatient,Cyclosporin,103.2,78,38.2,8.3,138,3.8,25,25,33,112,30,12,5,3.4,1.1,1.1,7.9,13.2,261,140.47,757.54,215.84
RT1015,2330K,Daniel Anderson,4/6/2025,26/7/2025,Outpatient,Cyclosporin,121.2,91.2,38.5,9.5,139,4.7,23,8,30,138,56,12,4.6,2.7,0.8,2.4,6.1,15.8,239,143.31,1055.9,215.84
RT1015,2330K,Daniel Anderson,4/6/2025,2/8/2025,Outpatient,Cyclosporin,61.8,71.5,43,6.1,140,4,22,15,22,103,71,19,5.2,3.8,0.9,1,6.5,14.9,257,103.15,782.31,215.84
RT1015,2330K,Daniel Anderson,4/6/2025,9/8/2025,Outpatient,Cyclosporin,130.1,64.1,36.1,8.7,141,4.4,23,28,21,113,65,7,5,3.3,1.3,1,7.2,14.1,240,164.56,560.28,215.84
RT1015,2330K,Daniel Anderson,4/6/2025,16/8/2025,Outpatient,Cyclosporin,116.5,77.6,44.4,7.6,135,3.9,23,40,25,106,72,17,5.9,4.2,1,1.5,7.3,12.4,246,126.16,690.38,215.84
RT1015,2330K,Daniel Anderson,4/6/2025,23/8/2025,Outpatient,Cyclosporin,89.9,83.5,41.8,6.2,138,3.8,26,41,35,83,59,8,5.4,4,0.9,1.1,5.8,12.5,229,136.1,731.1,215.84
RT1015,2330K,Daniel Anderson,4/6/2025,30/8/2025,Outpatient,Cyclosporin,96,60.8,40.1,6,138,4,24,29,8,77,80,11,4,2.4,1.1,1.1,6,15,218,131.18,1090.92,215.84
RT1032,5804K,Tan Zhen Chen,19/6/2025,20/6/2025,Inpatient,Cyclosporin,135.8,63.4,40.6,11,143,4.1,22,39,35,84,76,21,5.1,3.5,1.2,0.8,9,13.4,135,232.97,1059.63,307.56
RT1032,5804K,Tan Zhen Chen,19/6/2025,21/6/2025,Inpatient,Cyclosporin,96,100,35.1,6.3,136,4.4,23,26,18,66,53,7,4.5,2.5,1.2,1.8,9.7,14.4,177,213.54,1252.93,307.56
RT1032,5804K,Tan Zhen Chen,19/6/2025,22/6/2025,Inpatient,Cyclosporin,77.3,85.2,39.8,7.8,143,3.9,28,43,15,55,35,19,4.9,3.4,1.2,0.6,9.1,13.5,179,200.65,1022.44,307.56
RT1032,5804K,Tan Zhen Chen,19/6/2025,23/6/2025,Inpatient,Cyclosporin,134.4,85.2,35.1,11.8,138,5,20,16,32,91,43,17,5,3.2,1.2,1.3,6.8,12.2,315,205.29,1115.71,307.56
RT1032,5804K,Tan Zhen Chen,19/6/2025,24/6/2025,Inpatient,Cyclosporin,114.9,48.2,34.9,9.3,143,4,22,42,24,121,26,17,5.1,2.8,1.7,1.4,3.7,12.2,234,203.25,940.71,307.56
RT1032,5804K,Tan Zhen Chen,19/6/2025,25/6/2025,Inpatient,Cyclosporin,95.9,80,36.8,9.2,136,4.4,24,32,22,103,58,12,5.1,3,1.2,2,11.2,13.7,262,184.79,1096.24,307.56
RT1032,5804K,Tan Zhen Chen,19/6/2025,26/6/2025,Inpatient,Cyclosporin,75.3,79,39.2,7.8,141,4.7,25,22,29,96,91,12,5.1,3.2,1.4,1.2,9.3,13,279,173.68,1317.55,307.56
RT1032,5804K,Tan Zhen Chen,19/6/2025,27/6/2025,Inpatient,Cyclosporin,90.5,85.4,39,8.5,142,3.9,23,49,32,111,83,19,4,2,1.2,1.6,8.2,11.9,90,170.58,1278.04,307.56
RT1032,5804K,Tan Zhen Chen,19/6/2025,4/7/2025,Outpatient,Cyclosporin,101.9,63.2,38.1,9.7,138,3.3,23,43,23,86,65,15,5.1,2.9,1.2,2.1,4,14,246,218.89,698.17,265.62
RT1032,5804K,Tan Zhen Chen,19/6/2025,11/7/2025,Outpatient,Cyclosporin,76.7,84,41.6,7.2,141,4.5,25,24,32,60,30,5,5.5,3.2,1.3,2.2,5.5,16.1,317,176.08,741.56,265.62
RT1032,5804K,Tan Zhen Chen,19/6/2025,18/7/2025,Outpatient,Cyclosporin,89.4,77.3,37.1,9.1,142,3.7,28,28,31,59,63,16,5.1,3.5,1.2,1,6,14,316,132.44,808.02,265.62
RT1032,5804K,Tan Zhen Chen,19/6/2025,25/7/2025,Outpatient,Cyclosporin,101,96.9,40.1,12.2,141,4.1,24,26,24,112,44,9,4.6,2.5,1.2,2,5.7,14.6,213,151.57,593.62,265.62
RT1032,5804K,Tan Zhen Chen,19/6/2025,1/8/2025,Outpatient,Cyclosporin,89.3,69.2,35.9,6.6,136,4.3,26,32,20,89,56,12,4.3,2.5,1.2,1.1,6.7,12.3,197,195.62,1020.64,265.62
RT1032,5804K,Tan Zhen Chen,19/6/2025,8/8/2025,Outpatient,Cyclosporin,95.2,69.4,39.9,8.5,139,3.8,27,24,38,70,14,17,4.5,2.6,1.2,1.6,6.7,15.8,199,180.27,790.13,265.62
RT1032,5804K,Tan Zhen Chen,19/6/2025,15/8/2025,Outpatient,Cyclosporin,92.8,81.6,38.2,8.3,134,3.9,22,49,29,77,54,11,5.2,3.5,1,1.4,5.3,12,272,131.39,747.56,265.62
RT1032,5804K,Tan Zhen Chen,19/6/2025,22/8/2025,Outpatient,Cyclosporin,82.1,66.3,37.1,8.6,142,4.5,23,35,32,111,81,9,5.5,3.7,1.3,1.2,3,15,219,194.12,968.4,265.62
RT1032,5804K,Tan Zhen Chen,19/6/2025,29/8/2025,Outpatient,Cyclosporin,100.7,42.7,38.5,6.7,136,4.6,23,33,25,106,43,15,3.5,2,1.3,0.6,8.5,13.3,284,100.87,730.33,265.62
RT1032,5804K,Tan Zhen Chen,19/6/2025,5/9/2025,Outpatient,Cyclosporin,110.8,100.6,41.5,7.4,138,4.3,23,21,27,87,53,18,4.9,3,1.1,1.8,7.8,14.2,335,155.7,816.46,265.62
RT1032,5804K,Tan Zhen Chen,19/6/2025,12/9/2025,Outpatient,Cyclosporin,101.3,76.3,38.6,6.9,135,3.9,24,29,11,87,60,16,5.1,3.2,1.2,1.5,5.8,16.7,200,146.72,795.23,265.62
RT1032,5804K,Tan Zhen Chen,19/6/2025,19/9/2025,Outpatient,Cyclosporin,72.8,68.3,41.4,7.4,140,3.5,28,23,8,80,53,4,5.4,3.7,1.1,1.5,9.2,14.1,257,129.8,729.98,265.62
RT1079,6238N,Farah Binte Ahmad,25/5/2025,26/5/2025,Inpatient,Cyclosporin,109.8,60.2,32.1,5.7,141,4,22,8,16,63,59,25,4.7,2.8,1.1,1.7,7.1,11.3,327,167.38,963.47,356.4
RT1079,6238N,Farah Binte Ahmad,25/5/2025,27/5/2025,Inpatient,Cyclosporin,102.6,38.4,36.1,9.9,135,4.5,25,16,29,78,89,19,4.7,3.4,0.7,1.3,6.6,13.8,188,198.81,1285.98,356.4
RT1079,6238N,Farah Binte Ahmad,25/5/2025,28/5/2025,Inpatient,Cyclosporin,83.1,79.1,33.6,6.9,138,4,21,14,28,165,88,13,4.7,3.1,1,1.4,9,11.1,221,150.42,1143.89,356.4
RT1079,6238N,Farah Binte Ahmad,25/5/2025,29/5/2025,Inpatient,Cyclosporin,142.3,79.6,36.7,7.5,134,4,22,24,30,90,96,10,4.8,3.4,0.8,1,5,13.3,218,235.13,1148.25,356.4
RT1079,6238N,Farah Binte Ahmad,25/5/2025,30/5/2025,Inpatient,Cyclosporin,153.3,50.7,36.5,8.4,142,4.6,22,39,18,115,118,5,4.6,3,0.9,1.6,4.1,14.1,205,130.88,1252.04,356.4
RT1079,6238N,Farah Binte Ahmad,25/5/2025,31/5/2025,Inpatient,Cyclosporin,121.8,67.6,34.2,9.8,139,4,18,36,27,67,71,13,5.3,3.7,1,1.3,5.9,13,218,232.84,1076.34,356.4
RT1079,6238N,Farah Binte Ahmad,25/5/2025,1/6/2025,Inpatient,Cyclosporin,123.1,14.9,34.7,8.3,140,4.6,23,42,39,102,88,24,3.9,2.4,0.9,1.4,7.2,13.3,220,146.46,1222.9,356.4
RT1079,6238N,Farah Binte Ahmad,25/5/2025,2/6/2025,Inpatient,Cyclosporin,90.9,67.3,38.8,11.5,133,4,19,22,8,76,78,16,4.5,2.9,1,1.3,4.7,11.4,186,229.38,988.24,356.4
RT1079,6238N,Farah Binte Ahmad,25/5/2025,3/6/2025,Inpatient,Cyclosporin,125,66.4,39.6,7.4,133,4.4,22,23,8,83,66,19,4.3,2.4,1.2,1.7,8.2,14.5,228,223.43,1079.62,356.4
RT1079,6238N,Farah Binte Ahmad,25/5/2025,4/6/2025,Inpatient,Cyclosporin,93.4,72.7,36,8.6,140,5.3,20,49,40,58,21,21,4.2,2.9,0.8,1.1,7.5,11.6,215,146.89,1121.91,356.4
RT1079,6238N,Farah Binte Ahmad,25/5/2025,5/6/2025,Inpatient,Cyclosporin,111.9,90.3,38.6,2,139,4.7,26,8,25,47,85,17,3.9,2.3,1.2,1,7,12.3,214,266.05,1001.4,356.4
RT1079,6238N,Farah Binte Ahmad,25/5/2025,6/6/2025,Inpatient,Cyclosporin,123,37.4,39.6,6.2,137,4.3,26,36,22,60,84,19,5.2,3.2,1.4,1.4,5.6,11.9,312,230.37,520.41,356.4
RT1079,6238N,Farah Binte Ahmad,25/5/2025,13/6/2025,Outpatient,Cyclosporin,60,78.4,40.1,6.1,141,4.8,25,43,37,125,51,15,4.9,3,1.3,1.4,7.3,12.2,274,184.96,723.01,307.8
RT1079,6238N,Farah Binte Ahmad,25/5/2025,20/6/2025,Outpatient,Cyclosporin,114.8,56.8,38.9,7.6,147,3.9,24,34,22,93,40,16,4.5,3.1,1,1,6.8,13.8,305,181.3,825.85,307.8
RT1079,6238N,Farah Binte Ahmad,25/5/2025,27/6/2025,Outpatient,Cyclosporin,131.6,67.2,39.7,6.1,138,4.6,24,18,34,123,61,18,4,2.2,1.3,1.2,7.5,13,234,110.77,1027.11,307.8
RT1079,6238N,Farah Binte Ahmad,25/5/2025,4/7/2025,Outpatient,Cyclosporin,102.8,58.2,39.9,7.9,136,4.5,21,22,29,111,72,12,5.6,3.8,1.3,1.2,8.3,12.6,260,128.33,817.72,307.8
RT1079,6238N,Farah Binte Ahmad,25/5/2025,11/7/2025,Outpatient,Cyclosporin,152.7,81.8,38.3,6.7,137,4.1,25,23,22,104,31,15,4.1,1.9,1.4,1.6,6.5,15.4,261,104.96,801.87,307.8
RT1079,6238N,Farah Binte Ahmad,25/5/2025,18/7/2025,Outpatient,Cyclosporin,83.4,91.8,39.7,8.8,137,3.9,23,29,17,114,23,8,5.7,3.5,1.4,1.8,6.3,14.2,161,142.92,658.89,307.8
RT1079,6238N,Farah Binte Ahmad,25/5/2025,25/7/2025,Outpatient,Cyclosporin,60,62.3,37.1,8.5,138,3.9,27,29,46,119,52,14,4.7,2.6,1.3,1.7,5.4,13.9,297,211.15,1254.55,307.8
RT1079,6238N,Farah Binte Ahmad,25/5/2025,1/8/2025,Outpatient,Cyclosporin,100.5,89.2,37.9,6.6,141,4.2,24,31,39,50,39,12,6,4.3,1.1,1.5,5.4,12.5,291,133.37,724.5,307.8
RT1079,6238N,Farah Binte Ahmad,25/5/2025,8/8/2025,Outpatient,Cyclosporin,116.4,68.6,42,8.7,137,4.2,21,22,18,87,47,12,4.5,2.7,1.1,1.6,5.7,13.2,267,121.39,1138.93,307.8
RT1079,6238N,Farah Binte Ahmad,25/5/2025,15/8/2025,Outpatient,Cyclosporin,76.9,58.6,40.8,7.2,136,4.3,27,17,29,83,59,16,4.7,3.3,1,0.8,6.6,13.5,262,96.72,888.42,307.8
RT1079,6238N,Farah Binte Ahmad,25/5/2025,22/8/2025,Outpatient,Cyclosporin,82.4,81.6,39.4,7,138,4.8,21,25,31,62,33,10,5.5,3.8,1.2,1.1,6.8,13.2,305,180.08,563.7,307.8
RT1068,3072F,Yap Kai Kai,15/7/2025,16/7/2025,Inpatient,Cyclosporin,102.7,53.4,37.3,6.4,140,3.6,23,48,41,103,79,15,5.2,3.6,1.1,1.1,4.9,11.9,257,146.4,1078.82,235.4
RT1068,3072F,Yap Kai Kai,15/7/2025,17/7/2025,Inpatient,Cyclosporin,70,50.3,30.7,10.9,137,3.9,24,41,38,110,95,21,5.9,4.5,0.9,1.1,7,10.6,262,243.98,1224.66,235.4
RT1068,3072F,Yap Kai Kai,15/7/2025,18/7/2025,Inpatient,Cyclosporin,99.4,92.6,35.9,7.8,138,3.4,26,28,32,119,57,14,4.7,2.6,1.4,1.6,4.7,11.2,154,197.22,1097.96,235.4
RT1068,3072F,Yap Kai Kai,15/7/2025,19/7/2025,Inpatient,Cyclosporin,119.6,88.7,30.4,7.6,140,3.8,20,47,23,75,60,6,4.5,2.6,1.4,0.9,6.8,13.8,273,209.98,945.15,235.4
RT1068,3072F,Yap Kai Kai,15/7/2025,20/7/2025,Inpatient,Cyclosporin,107.9,68.7,35.8,10.8,137,4.1,24,20,16,72,30,19,5.1,3.9,1,0.5,6.9,16,258,218.05,813.49,235.4
RT1068,3072F,Yap Kai Kai,15/7/2025,21/7/2025,Inpatient,Cyclosporin,70,48.2,35.8,7.4,142,4.1,22,15,14,129,62,17,3.8,2.2,1.2,0.7,9.1,12.9,239,171.91,964.86,235.4
RT1068,3072F,Yap Kai Kai,15/7/2025,22/7/2025,Inpatient,Cyclosporin,160.1,103,35.6,8.5,145,4.4,23,18,21,40,63,11,5,3.1,1.2,1.6,6.1,12.5,285,164.6,1076.23,235.4
RT1068,3072F,Yap Kai Kai,15/7/2025,23/7/2025,Inpatient,Cyclosporin,122.1,78.2,34.6,9.3,141,4.5,19,34,31,116,33,17,4,2.2,1.1,1.7,8.5,13.8,215,250.33,1123.81,235.4
RT1068,3072F,Yap Kai Kai,15/7/2025,24/7/2025,Inpatient,Cyclosporin,144.5,93.2,34.5,7.7,138,4.4,24,45,30,147,35,12,5.5,4.3,0.7,0.9,7.2,14.2,243,102.97,1153.95,235.4
RT1068,3072F,Yap Kai Kai,15/7/2025,31/7/2025,Outpatient,Cyclosporin,110.7,90,39.2,7.9,135,4.4,23,22,16,85,50,14,5.1,3.1,1.1,2,4.9,13.4,290,170.72,753.48,203.3
RT1068,3072F,Yap Kai Kai,15/7/2025,7/8/2025,Outpatient,Cyclosporin,60,72.7,41.6,9.2,138,3.7,20,39,34,83,46,14,4.1,2.1,1.3,1.5,6.4,13.3,281,243.9,930.05,203.3
RT1068,3072F,Yap Kai Kai,15/7/2025,14/8/2025,Outpatient,Cyclosporin,119,97.6,41.6,8.5,133,4,26,22,23,90,58,18,4.3,2.7,1.1,1.2,4.5,14.2,317,145.47,631.42,203.3
RT1068,3072F,Yap Kai Kai,15/7/2025,21/8/2025,Outpatient,Cyclosporin,87.4,75.7,38.5,6.2,137,4.4,24,22,34,68,58,12,4.8,2.6,1.3,1.9,7.3,13.4,279,112.12,786.31,203.3
RT1068,3072F,Yap Kai Kai,15/7/2025,28/8/2025,Outpatient,Cyclosporin,128.1,97.5,38.4,7.2,141,4.2,25,26,32,104,46,20,5.2,3.5,0.9,1.7,6.7,13.3,285,124.55,861.28,203.3
RT1068,3072F,Yap Kai Kai,15/7/2025,4/9/2025,Outpatient,Cyclosporin,84.4,67.7,43.4,5.9,137,4.6,23,28,17,98,83,12,5.6,3.9,1.1,1.4,6.5,12.2,306,160.68,811.29,203.3
RT1068,3072F,Yap Kai Kai,15/7/2025,11/9/2025,Outpatient,Cyclosporin,97.8,73.9,36.4,4.4,135,3.7,25,37,19,99,56,11,4.2,2.2,1.3,1.5,5.9,11.5,327,74.13,983.74,203.3
RT1068,3072F,Yap Kai Kai,15/7/2025,18/9/2025,Outpatient,Cyclosporin,135.2,56.1,40.3,2.8,141,5,23,22,8,109,67,15,5.5,3,1.5,2.4,5.5,13.4,162,142.52,954.03,203.3
RT1068,3072F,Yap Kai Kai,15/7/2025,25/9/2025,Outpatient,Cyclosporin,84.1,88.7,34.1,5.6,146,3.9,23,22,21,110,69,11,5.5,3.5,1.3,1.5,7.2,14.3,259,177.6,816.96,203.3
RT1068,3072F,Yap Kai Kai,15/7/2025,2/10/2025,Outpatient,Cyclosporin,93.2,89,42,4.4,142,4.4,24,27,8,90,56,8,4.2,1.9,1.4,1.8,7,13.2,226,217.87,721.49,203.3
RT1068,3072F,Yap Kai Kai,15/7/2025,9/10/2025,Outpatient,Cyclosporin,62.3,89.3,40.6,8,133,4.3,22,41,16,55,23,14,4.3,2.9,0.7,1.4,7.5,12.2,155,194.72,859.85,203.3
RT1051,2799Y,Ng Ying Min,6/7/2025,7/7/2025,Inpatient,Tacrolimus,85.2,72.8,34.1,7.5,135,4.1,22,54,40,80,74,19,4.7,3,1.3,0.8,8.1,14.4,236,7.51,,2.51
RT1051,2799Y,Ng Ying Min,6/7/2025,8/7/2025,Inpatient,Tacrolimus,121.9,62.4,35.3,5.8,136,3.9,21,44,28,64,73,6,4.1,2.7,0.8,1.2,8.4,12.9,247,8.32,,2.51
RT1051,2799Y,Ng Ying Min,6/7/2025,9/7/2025,Inpatient,Tacrolimus,129.4,76.1,31.5,4.3,137,3.7,26,40,24,62,56,13,4.8,3,1.3,1.2,10,12.3,242,10.37,,2.51
RT1051,2799Y,Ng Ying Min,6/7/2025,10/7/2025,Inpatient,Tacrolimus,134.6,86.5,39,8.7,137,4.8,26,20,22,51,60,13,3.9,2.3,1,1.3,4.2,12.8,90,10.39,,2.51
RT1051,2799Y,Ng Ying Min,6/7/2025,11/7/2025,Inpatient,Tacrolimus,121.4,97.4,38.1,6.9,139,3.6,24,29,23,101,98,12,5.6,4.1,0.9,1.3,6.4,13.9,148,10.04,,2.51
RT1051,2799Y,Ng Ying Min,6/7/2025,12/7/2025,Inpatient,Tacrolimus,108.1,71.8,33.4,7.3,144,5.2,23,12,27,100,65,8,5.4,3.5,1.2,1.4,10.3,15,244,9.96,,2.51
RT1051,2799Y,Ng Ying Min,6/7/2025,19/7/2025,Outpatient,Tacrolimus,106.1,76.4,37.3,4.5,142,4.2,24,32,35,105,52,12,5.8,4.2,1.1,1.3,5.6,14.5,263,8.4,,2.17
RT1051,2799Y,Ng Ying Min,6/7/2025,26/7/2025,Outpatient,Tacrolimus,99.5,95.4,40.8,7.8,146,3.7,23,22,19,42,71,13,5.7,3.8,1.4,1.2,8.6,13.2,267,9,,2.17
RT1051,2799Y,Ng Ying Min,6/7/2025,2/8/2025,Outpatient,Tacrolimus,60,70,42,9.4,139,3.8,25,31,31,87,59,15,5.3,3,1.5,1.8,8,12.8,250,9.17,,2.17
RT1051,2799Y,Ng Ying Min,6/7/2025,9/8/2025,Outpatient,Tacrolimus,79.5,72.3,43.5,6.2,140,4.3,26,42,31,133,56,9,5.3,3.5,1.2,1.2,5.1,14.5,346,6.12,,2.17
RT1051,2799Y,Ng Ying Min,6/7/2025,16/8/2025,Outpatient,Tacrolimus,90.2,79.6,35.1,8,136,4.3,22,17,33,82,44,14,4.1,2.4,1.1,1.5,6.6,14.1,307,7.26,,2.17
RT1051,2799Y,Ng Ying Min,6/7/2025,23/8/2025,Outpatient,Tacrolimus,114.1,51.7,39.5,6.5,136,4,22,29,18,87,46,12,5.4,3.7,1,1.4,5.7,12.7,231,8.07,,2.17
RT1051,2799Y,Ng Ying Min,6/7/2025,30/8/2025,Outpatient,Tacrolimus,94.4,79.7,40.8,3,135,4.5,22,15,30,99,60,8,4.8,3.1,1.1,1.4,6.9,14.3,262,5.74,,2.17
RT1051,2799Y,Ng Ying Min,6/7/2025,6/9/2025,Outpatient,Tacrolimus,97.7,74.7,34.2,6.1,140,4.6,19,27,19,93,48,15,3.9,2.2,1.3,1,7,15.1,202,6.2,,2.17
RT1051,2799Y,Ng Ying Min,6/7/2025,13/9/2025,Outpatient,Tacrolimus,108,56.4,37.6,8.1,143,4.2,22,17,32,89,54,13,5.2,3.1,1.4,1.8,5.4,11.8,318,10.04,,2.17
RT1051,2799Y,Ng Ying Min,6/7/2025,20/9/2025,Outpatient,Tacrolimus,82.4,93.6,41.7,3.7,139,3.3,24,32,29,73,47,15,4.8,2.7,1.5,1.2,5,14,209,9.37,,2.17
RT1051,2799Y,Ng Ying Min,6/7/2025,27/9/2025,Outpatient,Tacrolimus,102.4,91.9,40.6,4.4,141,4.1,21,36,24,66,60,18,5.5,3.6,1.4,1,4.9,13.1,235,5.88,,2.17
RT1051,2799Y,Ng Ying Min,6/7/2025,4/10/2025,Outpatient,Tacrolimus,103.6,68.2,40.6,8.1,136,4.9,23,17,40,70,59,16,5.2,3.7,1.1,1.1,6.3,12.7,207,6.8,,2.17
RT1017,5156S,Farah Binte Hassan,25/7/2025,26/7/2025,Inpatient,Tacrolimus,131.3,79.4,34.4,10.2,138,3.7,21,8,26,113,36,25,6.4,4.9,1.2,0.6,7.1,14.1,218,6.42,,5.59
RT1017,5156S,Farah Binte Hassan,25/7/2025,27/7/2025,Inpatient,Tacrolimus,115.1,58.3,40.3,6.8,135,4.1,25,66,31,51,59,23,5,3,1.1,2.2,8.1,13,312,12.41,,5.59
RT1017,5156S,Farah Binte Hassan,25/7/2025,28/7/2025,Inpatient,Tacrolimus,126.2,71.6,34.2,5.8,137,5,21,30,38,93,83,10,5.2,3.7,0.9,1.4,7.6,14,223,11.04,,5.59
RT1017,5156S,Farah Binte Hassan,25/7/2025,29/7/2025,Inpatient,Tacrolimus,134.7,31.2,34.7,9.9,134,4.6,25,23,29,50,69,14,4.1,2.7,0.9,1.2,7.4,10.7,221,6.48,,5.59
RT1017,5156S,Farah Binte Hassan,25/7/2025,30/7/2025,Inpatient,Tacrolimus,119.8,51.7,34.2,10.5,140,4.7,23,51,48,105,60,13,4.9,2.8,1.4,1.6,5.2,12.7,232,9.2,,5.59
RT1017,5156S,Farah Binte Hassan,25/7/2025,31/7/2025,Inpatient,Tacrolimus,116.7,74.3,33.6,4.8,137,3.8,24,28,21,74,45,19,4.6,3.1,1,1.1,7.7,13,172,12.42,,5.59
RT1017,5156S,Farah Binte Hassan,25/7/2025,1/8/2025,Inpatient,Tacrolimus,90.5,55.3,31,7.1,137,4.2,18,49,30,79,75,22,5.7,4.1,1.2,1.1,13.6,12.1,281,11.63,,5.59
RT1017,5156S,Farah Binte Hassan,25/7/2025,2/8/2025,Inpatient,Tacrolimus,70,63,39.1,6.3,138,5.1,24,28,9,61,36,20,4.4,2.6,0.8,2.2,8.8,12.4,261,11.27,,5.59
RT1017,5156S,Farah Binte Hassan,25/7/2025,9/8/2025,Outpatient,Tacrolimus,128.7,82.9,36.8,9.2,142,4,24,39,27,122,96,14,5.3,3.3,1.2,1.8,5.9,11.8,277,8.73,,4.82
RT1017,5156S,Farah Binte Hassan,25/7/2025,16/8/2025,Outpatient,Tacrolimus,89.8,74.8,39.6,7.2,138,4.6,23,31,34,93,55,18,5.1,3.7,1.1,0.5,9.3,14.3,286,8.38,,4.82
RT1017,5156S,Farah Binte Hassan,25/7/2025,23/8/2025,Outpatient,Tacrolimus,98.3,71.1,38.2,8.5,138,4.1,22,22,29,77,48,11,5.2,3.4,1.3,1.2,5.2,12.6,235,7.34,,4.82
RT1017,5156S,Farah Binte Hassan,25/7/2025,30/8/2025,Outpatient,Tacrolimus,114.4,92.2,40.8,7,139,4.3,23,36,45,84,74,12,5.3,3.9,0.9,1.1,5.7,11.9,308,4.98,,4.82
RT1017,5156S,Farah Binte Hassan,25/7/2025,6/9/2025,Outpatient,Tacrolimus,107.2,90,41.9,7.2,138,3.5,26,28,17,86,61,17,4.4,2.8,1.1,1.1,6.1,12.2,231,9.36,,4.82
RT1017,5156S,Farah Binte Hassan,25/7/2025,13/9/2025,Outpatient,Tacrolimus,90,81.7,39.8,6.3,141,4.3,25,38,17,106,67,11,5.6,4.1,1.2,0.8,7.6,14,175,7.38,,4.82
RT1017,5156S,Farah Binte Hassan,25/7/2025,20/9/2025,Outpatient,Tacrolimus,106.6,87.7,35.8,7.3,140,4.2,24,26,23,89,36,3,5.4,3,1.2,2.5,6.9,12.4,207,7.22,,4.82
RT1017,5156S,Farah Binte Hassan,25/7/2025,27/9/2025,Outpatient,Tacrolimus,73.7,85.8,40.9,8.2,139,3.5,23,24,23,63,44,9,5.3,3.7,0.9,1.5,6,12.1,279,6.45,,4.82
RT1017,5156S,Farah Binte Hassan,25/7/2025,4/10/2025,Outpatient,Tacrolimus,90.6,63.9,39.3,10.8,136,4.1,25,44,26,83,76,9,5.3,3.2,1.4,1.6,7.1,14.2,195,7.57,,4.82
RT1017,5156S,Farah Binte Hassan,25/7/2025,11/10/2025,Outpatient,Tacrolimus,101.3,69.8,38.2,7.1,135,4.2,23,30,23,86,58,13,6.4,4.7,1.2,1.2,6.5,13.9,173,6.92,,4.82
RT1017,5156S,Farah Binte Hassan,25/7/2025,18/10/2025,Outpatient,Tacrolimus,93.1,66.1,39.1,7.3,137,3.9,25,42,31,96,75,12,5.5,3.2,1.2,2.4,7.8,12,232,6.61,,4.82
RT1017,5156S,Farah Binte Hassan,25/7/2025,25/10/2025,Outpatient,Tacrolimus,109.4,80.8,37.4,7.9,142,4.1,22,52,27,117,67,8,5.2,3.1,1.4,1.5,6.4,14.2,261,5.82,,4.82
RT1071,3159W,Ng Zhen Jia,27/7/2025,28/7/2025,Inpatient,Tacrolimus,105,76.8,33.4,2.3,136,4,24,43,36,122,98,24,4.8,2.7,1.3,1.7,8.5,12.4,309,9.56,,5.95
RT1071,3159W,Ng Zhen Jia,27/7/2025,29/7/2025,Inpatient,Tacrolimus,132.4,79.3,37.4,9.7,137,4.3,25,22,41,72,51,15,3.3,1.7,1,1.3,5.4,13.9,272,9.31,,5.95
RT1071,3159W,Ng Zhen Jia,27/7/2025,30/7/2025,Inpatient,Tacrolimus,155,32.9,32.1,7.7,139,4.3,27,51,39,124,81,17,4.6,2.9,1.3,0.8,7.7,12.7,178,9.66,,5.95
RT1071,3159W,Ng Zhen Jia,27/7/2025,31/7/2025,Inpatient,Tacrolimus,134.5,46.8,34.9,6.5,138,4.6,24,44,31,139,103,8,5,3.1,1.1,1.7,9.9,12.4,120,12.56,,5.95
RT1071,3159W,Ng Zhen Jia,27/7/2025,1/8/2025,Inpatient,Tacrolimus,111.5,85.1,38.4,8.6,136,5.9,24,50,23,112,120,12,5.3,2.6,1.6,2.4,4.6,14.5,317,11.78,,5.95
RT1071,3159W,Ng Zhen Jia,27/7/2025,2/8/2025,Inpatient,Tacrolimus,177.5,84.1,35.7,8.5,143,3.5,19,25,29,114,117,21,5.1,3.3,1.3,1.1,8.1,13.2,267,10.86,,5.95
RT1071,3159W,Ng Zhen Jia,27/7/2025,3/8/2025,Inpatient,Tacrolimus,137.7,71.9,38.9,7.2,142,4.7,21,18,19,132,58,12,3.5,1.5,1.2,1.8,5.4,14.6,233,9.94,,5.95
RT1071,3159W,Ng Zhen Jia,27/7/2025,10/8/2025,Outpatient,Tacrolimus,82.1,68.1,39.3,9.1,141,4.3,25,38,32,63,25,15,4.8,2.8,1.2,1.9,7.5,13.2,266,10.07,,5.14
RT1071,3159W,Ng Zhen Jia,27/7/2025,17/8/2025,Outpatient,Tacrolimus,83.4,85.6,37.2,7.6,140,4.4,25,35,40,117,55,13,4.6,2.6,1.3,1.4,7.1,13.1,283,9.12,,5.14
RT1071,3159W,Ng Zhen Jia,27/7/2025,24/8/2025,Outpatient,Tacrolimus,111.8,96.8,37.7,9.8,138,4,25,25,25,86,10,17,4.5,2.7,1.1,1.6,7.6,12.8,218,6.99,,5.14
RT1071,3159W,Ng Zhen Jia,27/7/2025,31/8/2025,Outpatient,Tacrolimus,113.9,62.9,38.9,7.1,140,4.1,22,35,20,104,36,9,4.5,2.8,0.8,2,7.3,13.9,262,8.42,,5.14
RT1071,3159W,Ng Zhen Jia,27/7/2025,7/9/2025,Outpatient,Tacrolimus,77.5,75.9,37.9,8,143,3.5,26,15,32,56,58,18,4.8,2.6,1.6,1.3,6.9,14.8,241,10.17,,5.14
RT1071,3159W,Ng Zhen Jia,27/7/2025,14/9/2025,Outpatient,Tacrolimus,70.8,81.2,42.3,9.3,140,4.5,26,33,21,93,52,14,5.4,3.6,1,1.6,5.6,12.4,254,9.13,,5.14
RT1071,3159W,Ng Zhen Jia,27/7/2025,21/9/2025,Outpatient,Tacrolimus,73.1,61.2,39.5,7,135,4.1,23,33,17,109,67,16,4.2,2.2,1.2,1.9,5.6,11.5,319,7.23,,5.14
RT1071,3159W,Ng Zhen Jia,27/7/2025,28/9/2025,Outpatient,Tacrolimus,136.2,87.8,39.5,8.2,138,4.3,26,22,11,83,76,7,5.1,3.1,1.1,2.1,6,11.5,226,7.88,,5.14
RT1071,3159W,Ng Zhen Jia,27/7/2025,5/10/2025,Outpatient,Tacrolimus,73.6,67.4,39.2,9.5,140,3.7,26,12,26,98,71,7,5.6,3.9,1.1,1.3,9.4,13,254,12.65,,5.14
RT1071,3159W,Ng Zhen Jia,27/7/2025,12/10/2025,Outpatient,Tacrolimus,109.6,76,41,5.1,144,4.6,25,27,29,68,66,13,5.3,3.3,1.4,1.4,4.3,12.6,198,8.25,,5.14
RT1071,3159W,Ng Zhen Jia,27/7/2025,19/10/2025,Outpatient,Tacrolimus,130.4,66,36.7,7.1,139,5,25,21,33,57,22,13,5.1,2.8,1.6,1.5,6.6,12.5,254,7.81,,5.14
RT1071,3159W,Ng Zhen Jia,27/7/2025,26/10/2025,Outpatient,Tacrolimus,88.1,89.5,37,9.5,137,4,24,27,29,66,62,12,5.2,3,1.1,2.3,7.5,14,151,7.09,,5.14
RT1048,7588F,Lim Hui Xiao,30/7/2025,31/7/2025,Inpatient,Tacrolimus,121.4,57.6,32.9,9,135,4,25,56,31,52,48,24,5,3.7,0.8,1,5,13.8,273,8.9,,4.21
RT1048,7588F,Lim Hui Xiao,30/7/2025,1/8/2025,Inpatient,Tacrolimus,146.6,115.8,36.1,7.5,142,3.5,21,28,29,129,74,21,5.8,4.5,0.7,1.1,7.4,11.2,195,8.55,,4.21
RT1048,7588F,Lim Hui Xiao,30/7/2025,2/8/2025,Inpatient,Tacrolimus,119.8,71.5,33.5,8.6,140,4.2,25,19,26,63,71,23,5.1,3.5,1,1.4,10.1,14.6,254,9.57,,4.21
RT1048,7588F,Lim Hui Xiao,30/7/2025,3/8/2025,Inpatient,Tacrolimus,125.6,79.9,39.2,8.4,135,4.2,18,35,20,74,54,20,5.1,3.7,1.2,0.7,8.5,12.2,230,10.31,,4.21
RT1048,7588F,Lim Hui Xiao,30/7/2025,4/8/2025,Inpatient,Tacrolimus,84.1,64.9,34.9,8.4,142,4.9,18,49,8,105,57,22,5.6,4,1.2,0.9,5.5,13.2,185,10.99,,4.21
RT1048,7588F,Lim Hui Xiao,30/7/2025,5/8/2025,Inpatient,Tacrolimus,102.4,50.3,36.2,11.8,146,4.4,21,36,25,135,100,14,5.9,3.8,1.2,2.1,7.9,11.9,203,8.04,,4.21
RT1048,7588F,Lim Hui Xiao,30/7/2025,6/8/2025,Inpatient,Tacrolimus,95.7,99.7,34.8,11.8,134,4.8,26,18,36,40,83,18,5.3,3.8,1,1.2,10.2,14.3,308,9.63,,4.21
RT1048,7588F,Lim Hui Xiao,30/7/2025,7/8/2025,Inpatient,Tacrolimus,175.3,45.1,38.9,6.4,142,3.5,22,39,36,78,103,16,4.3,2.5,1.3,1.1,8,11.8,249,9.13,,4.21
RT1048,7588F,Lim Hui Xiao,30/7/2025,8/8/2025,Inpatient,Tacrolimus,79.9,63.3,35.9,8.3,137,4.5,24,38,16,129,101,20,4.3,2.8,1,1.1,8,12.4,341,12.03,,4.21
RT1048,7588F,Lim Hui Xiao,30/7/2025,9/8/2025,Inpatient,Tacrolimus,98.9,71.9,39.7,5,137,4.7,25,34,25,127,35,25,4.7,2.9,1.1,1.6,6,12,275,12.1,,4.21
RT1048,7588F,Lim Hui Xiao,30/7/2025,16/8/2025,Outpatient,Tacrolimus,75.3,76,39,4.8,142,4.5,24,16,39,68,66,17,4.1,1.9,1.2,2.2,8.1,13.3,323,8.79,,3.64
RT1048,7588F,Lim Hui Xiao,30/7/2025,23/8/2025,Outpatient,Tacrolimus,81.1,65.2,37.9,5.8,142,4.8,26,33,11,65,41,16,5.3,3.5,1.2,1.3,7,13.6,257,4.48,,3.64
RT1048,7588F,Lim Hui Xiao,30/7/2025,30/8/2025,Outpatient,Tacrolimus,91.1,79.6,39.2,5.9,135,4.3,21,29,39,58,58,17,4.6,2.7,1.4,1.2,9.3,15.6,266,8.57,,3.64
RT1048,7588F,Lim Hui Xiao,30/7/2025,6/9/2025,Outpatient,Tacrolimus,80.6,78.7,40.9,6.7,138,4.4,22,28,23,79,42,13,4.8,2.6,1.5,1.7,5.3,14.3,327,7.41,,3.64
RT1048,7588F,Lim Hui Xiao,30/7/2025,13/9/2025,Outpatient,Tacrolimus,92.5,62.7,36.7,6.5,143,4.1,26,22,35,85,43,13,5.6,4.1,1.1,1.1,7.8,13.1,242,8.82,,3.64
RT1048,7588F,Lim Hui Xiao,30/7/2025,20/9/2025,Outpatient,Tacrolimus,99.7,65,39.8,5.7,147,4.3,20,27,32,99,50,16,5.3,3.2,1.5,1.4,4.9,14.8,131,8.87,,3.64
RT1048,7588F,Lim Hui Xiao,30/7/2025,27/9/2025,Outpatient,Tacrolimus,119.7,93.2,42,6.7,143,4.5,28,22,30,118,49,6,5.6,3.7,1.2,1.5,5.8,15.9,250,6.23,,3.64
RT1048,7588F,Lim Hui Xiao,30/7/2025,4/10/2025,Outpatient,Tacrolimus,109.4,92.7,37.3,8.7,135,4.7,25,15,15,63,40,7,5,3.3,1.3,0.9,11.3,15.1,269,7.28,,3.64
RT1048,7588F,Lim Hui Xiao,30/7/2025,11/10/2025,Outpatient,Tacrolimus,76.2,73.2,39.7,9.6,138,3.7,25,24,15,75,76,9,4.7,2.7,1.1,1.9,6.8,12.6,294,6.95,,3.64
RT1048,7588F,Lim Hui Xiao,30/7/2025,18/10/2025,Outpatient,Tacrolimus,108,74.4,40.1,8.5,138,4.7,27,34,30,89,66,13,5.5,4.1,0.7,1.5,5,12.2,229,7.32,,3.64
RT1048,7588F,Lim Hui Xiao,30/7/2025,25/10/2025,Outpatient,Tacrolimus,109.5,84.3,42.7,6.1,141,4.7,25,23,22,103,40,11,4.1,2.6,1.1,0.9,5.5,15.6,282,5.97,,3.64
RT1053,8950N,Amir Binte Ahmad,14/6/2025,15/6/2025,Inpatient,Tacrolimus,140.5,49.1,33.7,9.7,135,3.9,24,15,30,121,51,20,3.8,2.5,0.8,1.2,7.3,13.3,319,10.73,,6.26
RT1053,8950N,Amir Binte Ahmad,14/6/2025,16/6/2025,Inpatient,Tacrolimus,124.1,60.2,34.7,7,131,3.7,24,38,40,70,89,21,4.7,2.8,1.1,1.7,7.3,15.1,267,8.5,,6.26
RT1053,8950N,Amir Binte Ahmad,14/6/2025,17/6/2025,Inpatient,Tacrolimus,101.8,43.2,38.1,7.7,139,4.3,27,29,35,125,80,19,5,3,1.2,1.8,4.9,12.7,244,10.99,,6.26
RT1053,8950N,Amir Binte Ahmad,14/6/2025,18/6/2025,Inpatient,Tacrolimus,110.4,69.6,33.6,9.1,140,3.8,22,33,32,46,36,17,4.7,3.4,0.9,1.1,6.3,13.5,283,14.36,,6.26
RT1053,8950N,Amir Binte Ahmad,14/6/2025,19/6/2025,Inpatient,Tacrolimus,86.1,36.5,36.8,4.1,136,4.9,27,60,25,139,72,15,4.8,2.4,1.3,2.4,6.4,12.4,262,7.34,,6.26
RT1053,8950N,Amir Binte Ahmad,14/6/2025,20/6/2025,Inpatient,Tacrolimus,81.8,63.4,43,6.4,133,4.4,23,8,17,44,77,21,5.1,3.6,0.8,1.5,6.9,12.1,292,11.95,,6.26
RT1053,8950N,Amir Binte Ahmad,14/6/2025,21/6/2025,Inpatient,Tacrolimus,160.5,41.3,31.6,8.8,134,4.3,22,17,21,121,64,18,4.6,3.4,0.8,1,7.4,11.5,113,11.01,,6.26
RT1053,8950N,Amir Binte Ahmad,14/6/2025,22/6/2025,Inpatient,Tacrolimus,126.5,87.6,35,5.9,137,4.8,19,24,30,80,70,27,4.5,2.6,1.2,1.7,9.7,12.7,257,9.17,,6.26
RT1053,8950N,Amir Binte Ahmad,14/6/2025,23/6/2025,Inpatient,Tacrolimus,132.3,46.6,34.5,11.2,137,4.5,25,42,25,60,55,9,6.3,4.4,1.1,1.7,7.6,12,173,12.48,,6.26
RT1053,8950N,Amir Binte Ahmad,14/6/2025,24/6/2025,Inpatient,Tacrolimus,82,85.1,32.4,4.1,135,4.4,23,12,34,116,43,26,4.6,2.8,1.2,1.2,7,13.2,236,10.11,,6.26
RT1053,8950N,Amir Binte Ahmad,14/6/2025,25/6/2025,Inpatient,Tacrolimus,107.6,56.7,31.5,8.5,137,4.4,19,24,29,95,83,16,4.6,2.9,1,1.5,7.1,11.2,177,9.61,,6.26
RT1053,8950N,Amir Binte Ahmad,14/6/2025,26/6/2025,Inpatient,Tacrolimus,129.5,75.1,40.2,6.2,136,4.3,24,15,33,53,88,22,4.7,2.7,1.5,1.1,10.1,14,250,7.17,,6.26
RT1053,8950N,Amir Binte Ahmad,14/6/2025,3/7/2025,Outpatient,Tacrolimus,121.2,65.5,41.2,8.8,141,4,23,25,30,102,71,5,5.7,4.1,1.1,1.1,4.9,14.5,288,6.57,,5.41
RT1053,8950N,Amir Binte Ahmad,14/6/2025,10/7/2025,Outpatient,Tacrolimus,103.2,65,38,6.9,144,4.1,23,19,27,95,54,7,4.9,3.2,1.2,1.2,10.2,13.5,271,6.23,,5.41
RT1053,8950N,Amir Binte Ahmad,14/6/2025,17/7/2025,Outpatient,Tacrolimus,107.6,76.8,37.3,6.4,135,4.5,24,27,20,62,39,16,5.7,3.5,1.4,1.9,7.2,12.4,199,6.18,,5.41
RT1053,8950N,Amir Binte Ahmad,14/6/2025,24/7/2025,Outpatient,Tacrolimus,99.4,60.1,41.1,3.7,137,3.8,25,23,31,58,58,14,4.5,3,1,1.3,6.9,12.8,258,11.98,,5.41
RT1053,8950N,Amir Binte Ahmad,14/6/2025,31/7/2025,Outpatient,Tacrolimus,105.9,60.2,41.4,6.9,139,4,27,21,34,105,67,19,3.9,1.8,1.3,1.8,6.7,14.4,274,5.35,,5.41
RT1053,8950N,Amir Binte Ahmad,14/6/2025,7/8/2025,Outpatient,Tacrolimus,90,80.6,43.1,8.9,138,4.5,25,36,29,101,22,15,5,3,1.4,1.5,5.9,13.9,294,8.82,,5.41
RT1053,8950N,Amir Binte Ahmad,14/6/2025,14/8/2025,Outpatient,Tacrolimus,129.2,83.5,40.4,6.9,137,4,25,38,39,125,44,19,4.9,2.9,1.1,1.9,7,12.3,200,8.05,,5.41
RT1053,8950N,Amir Binte Ahmad,14/6/2025,21/8/2025,Outpatient,Tacrolimus,110.5,60.1,40.6,9.6,144,4.3,24,34,17,80,24,13,4,2.2,1.2,1.4,9,13.6,162,7.51,,5.41
RT1053,8950N,Amir Binte Ahmad,14/6/2025,28/8/2025,Outpatient,Tacrolimus,102,79.6,38.8,8.7,147,4.2,23,15,44,88,26,14,4.3,2.1,1.3,1.9,6.6,13.4,290,7.79,,5.41
RT1053,8950N,Amir Binte Ahmad,14/6/2025,4/9/2025,Outpatient,Tacrolimus,66,67.5,38.6,4.8,137,4.1,24,15,30,78,53,14,5,3.1,1.4,0.9,5.8,13.9,221,11.02,,5.41
RT1053,8950N,Amir Binte Ahmad,14/6/2025,11/9/2025,Outpatient,Tacrolimus,60,81.6,39.6,4.9,140,4.6,26,24,23,79,50,19,5.2,3.6,0.9,1.7,8.5,15,208,9.38,,5.41
RT1066,5819X,Ng Chen Min,29/6/2025,30/6/2025,Inpatient,Sirolimus,136.8,50.9,33.2,11.3,138,3.5,22,43,29,90,90,12,6.3,4.6,1.1,1.3,6.4,11.3,286,7.28,,3.53
RT1066,5819X,Ng Chen Min,29/6/2025,1/7/2025,Inpatient,Sirolimus,95.7,54.6,39.9,9.2,136,4.4,20,44,8,97,80,8,5.1,2.9,1.2,2,6.6,11.7,259,10.57,,4.44
RT1066,5819X,Ng Chen Min,29/6/2025,2/7/2025,Inpatient,Sirolimus,109.3,105.7,35,10.1,136,4.4,25,14,54,105,30,12,6.1,3.6,1.3,2.6,7.6,13.7,269,7.1,,4.51
RT1066,5819X,Ng Chen Min,29/6/2025,3/7/2025,Inpatient,Sirolimus,111.3,68.2,33.3,15,142,4.5,22,18,25,96,55,15,5.6,3.3,0.9,2.9,7.2,12.7,361,10.43,,3.21
RT1066,5819X,Ng Chen Min,29/6/2025,4/7/2025,Inpatient,Sirolimus,103.9,75.9,37,5.9,141,4.2,25,44,23,74,78,10,6.3,4.9,1.1,0.6,6.7,13.4,221,6.34,,5.3
RT1066,5819X,Ng Chen Min,29/6/2025,5/7/2025,Inpatient,Sirolimus,95.2,93,36,5.9,139,5,23,10,22,98,78,10,6.1,3.8,1.2,2.6,7.8,13,328,10.95,,4.05
RT1066,5819X,Ng Chen Min,29/6/2025,6/7/2025,Inpatient,Sirolimus,94.2,78.3,33.6,7.6,136,4.2,19,41,19,103,36,14,6.3,4.5,0.9,2,5.1,11.5,304,7.65,,5.36
RT1066,5819X,Ng Chen Min,29/6/2025,13/7/2025,Outpatient,Sirolimus,91.6,81.8,42.5,5.8,141,4.1,25,17,28,97,44,11,6.7,4.5,1.2,2.2,7.8,14.7,319,7.2,,4.65
RT1066,5819X,Ng Chen Min,29/6/2025,20/7/2025,Outpatient,Sirolimus,108.7,79.9,38.5,7.3,143,4.3,25,12,28,40,76,11,6.3,4.4,1.2,1.5,8,13.7,266,8.45,,3.2
RT1066,5819X,Ng Chen Min,29/6/2025,27/7/2025,Outpatient,Sirolimus,101.2,80.6,39.7,6,136,3.8,24,29,39,92,62,18,6.2,3.9,1.2,2.5,7.5,12.6,285,10.96,,3.45
RT1066,5819X,Ng Chen Min,29/6/2025,3/8/2025,Outpatient,Sirolimus,72,67.5,42,4,135,4.8,25,38,27,92,78,12,5.8,3.9,1,2.1,7.2,13.3,284,9.87,,3.96
RT1066,5819X,Ng Chen Min,29/6/2025,10/8/2025,Outpatient,Sirolimus,60,46,40.9,8.9,136,4.5,24,9,13,93,82,19,4.9,2.5,1.3,2.5,7.8,12.9,363,6.27,,4.56
RT1066,5819X,Ng Chen Min,29/6/2025,17/8/2025,Outpatient,Sirolimus,102.5,74.3,42.4,6.8,143,3.8,25,35,42,78,53,13,5.6,3.9,1,1.6,6.2,12.2,327,6.13,,4.26
RT1066,5819X,Ng Chen Min,29/6/2025,24/8/2025,Outpatient,Sirolimus,113.2,75.4,40.1,5.8,136,4.6,23,29,24,92,84,19,5.6,3.2,1.7,1.7,8.6,14.7,255,6.1,,4.64
RT1066,5819X,Ng Chen Min,29/6/2025,31/8/2025,Outpatient,Sirolimus,95.5,73.7,43.1,7.8,142,4.3,24,13,13,93,50,14,5.6,3.4,1.3,1.9,7,13.3,318,5.3,,3.24
RT1066,5819X,Ng Chen Min,29/6/2025,7/9/2025,Outpatient,Sirolimus,82.4,88.1,39.1,8.3,139,4.1,23,23,14,93,50,10,5.9,3.5,1.5,2.1,6.4,14.2,225,5.79,,3.74
RT1066,5819X,Ng Chen Min,29/6/2025,14/9/2025,Outpatient,Sirolimus,99.7,85,41.1,8.9,139,4,23,40,39,74,92,20,5.7,3.4,1.4,1.9,5.4,12.7,226,9.34,,2.66
RT1066,5819X,Ng Chen Min,29/6/2025,21/9/2025,Outpatient,Sirolimus,103.8,61.3,38.2,7.6,140,4.2,26,20,19,72,65,16,5.2,3.1,1.2,1.9,8.2,13.3,168,8.75,,2.96
RT1066,5819X,Ng Chen Min,29/6/2025,28/9/2025,Outpatient,Sirolimus,85,73.3,41.5,5.9,139,5,24,30,24,104,52,12,5.7,4,1.2,1.2,7,12.2,259,5.54,,2.61
RT1001,3401P,Ng Yong Jun,30/5/2025,31/5/2025,Inpatient,Sirolimus,139.6,50.8,34.9,9,136,4.2,23,17,30,91,23,20,5.6,3.9,1.2,1.2,8.9,13.2,229,6.62,,3.69
RT1001,3401P,Ng Yong Jun,30/5/2025,1/6/2025,Inpatient,Sirolimus,140.8,65.1,38.4,12.5,131,4.3,27,51,40,88,92,11,7,4.8,1.1,2.4,8.1,14.1,281,6.88,,5.36
RT1001,3401P,Ng Yong Jun,30/5/2025,2/6/2025,Inpatient,Sirolimus,88.2,42.2,42.8,8,134,3.8,26,45,38,102,71,17,6.9,4.7,1.2,2.3,6.5,13.4,144,7.78,,3.83
RT1001,3401P,Ng Yong Jun,30/5/2025,3/6/2025,Inpatient,Sirolimus,122.7,32.2,40.9,14.1,142,4,24,8,20,171,112,21,6.7,4.3,1.2,2.6,5.9,12.1,259,6.87,,5.4
RT1001,3401P,Ng Yong Jun,30/5/2025,4/6/2025,Inpatient,Sirolimus,131.2,56.8,32,8,146,5,22,34,24,85,54,11,5.4,3.2,1.2,2.1,7.9,11.7,163,6.79,,2.94
RT1001,3401P,Ng Yong Jun,30/5/2025,5/6/2025,Inpatient,Sirolimus,91.5,99.3,34.4,9.2,139,4.5,24,16,12,71,30,22,6.3,4.3,0.9,2.5,5.2,11.7,240,6.34,,2.85
RT1001,3401P,Ng Yong Jun,30/5/2025,6/6/2025,Inpatient,Sirolimus,70,87.3,29.7,8.6,146,3.9,26,26,29,100,46,7,5.9,4,0.9,2.1,8.2,11.6,312,9.86,,4.72
RT1001,3401P,Ng Yong Jun,30/5/2025,7/6/2025,Inpatient,Sirolimus,95,76.6,33.2,5.2,134,3,21,32,19,81,70,17,6.4,3.7,1.3,3.2,6.8,14.5,252,9.66,,3.83
RT1001,3401P,Ng Yong Jun,30/5/2025,8/6/2025,Inpatient,Sirolimus,153.1,58.9,38.7,8.2,140,5.1,25,53,28,95,39,12,4.6,2.7,0.8,2.6,11.3,11.6,193,9.14,,4.13
RT1001,3401P,Ng Yong Jun,30/5/2025,9/6/2025,Inpatient,Sirolimus,77.2,63.8,30.9,11.3,138,5.1,24,43,26,126,83,21,6.4,4.5,1.1,1.7,7.7,11.8,145,5.77,,4.68
RT1001,3401P,Ng Yong Jun,30/5/2025,10/6/2025,Inpatient,Sirolimus,98.8,89.9,35.5,5.4,136,4.4,21,20,31,80,65,11,3.8,2,1,1.7,9.1,13.2,246,8.21,,5.22
RT1001,3401P,Ng Yong Jun,30/5/2025,17/6/2025,Outpatient,Sirolimus,86.4,97.7,40.1,7.7,138,3.9,27,26,24,95,76,16,4.7,2.2,1.5,2.1,7.4,11.7,178,9.41,,4.24
RT1001,3401P,Ng Yong Jun,30/5/2025,24/6/2025,Outpatient,Sirolimus,89.7,72.9,40.3,8.2,142,4,25,27,32,91,74,7,6.5,4.2,1.4,2,4.6,11.6,259,6.97,,3.05
RT1001,3401P,Ng Yong Jun,30/5/2025,1/7/2025,Outpatient,Sirolimus,95.3,85,40,4.7,139,4.6,27,32,28,73,43,12,7.1,4.9,1.4,1.9,7.5,12.2,195,4.87,,3.63
RT1001,3401P,Ng Yong Jun,30/5/2025,8/7/2025,Outpatient,Sirolimus,75.1,77.1,40.7,6.1,142,4.5,26,24,15,103,66,23,6.1,4.2,1.1,1.8,8.2,12.1,208,6.76,,3.78
RT1001,3401P,Ng Yong Jun,30/5/2025,15/7/2025,Outpatient,Sirolimus,108,76.2,43.7,6.7,136,4.8,27,34,16,91,56,19,4.9,2.3,1.2,3.1,5,14.6,278,8.57,,4.18
RT1001,3401P,Ng Yong Jun,30/5/2025,22/7/2025,Outpatient,Sirolimus,110.8,62,40.8,3.8,139,4,24,37,26,90,51,12,5.8,3.4,1.4,2.3,5.3,13.6,273,8.25,,3.66
RT1001,3401P,Ng Yong Jun,30/5/2025,29/7/2025,Outpatient,Sirolimus,61.7,78.1,38.2,7.3,140,5,21,21,25,84,32,14,6.4,4.4,1,2.1,5.9,14.7,200,6.88,,3.58
RT1001,3401P,Ng Yong Jun,30/5/2025,5/8/2025,Outpatient,Sirolimus,89.9,96.7,40.8,9.3,140,4,20,8,35,105,50,14,5.6,3.7,1,2.1,4,12.6,221,8.11,,3.92
RT1001,3401P,Ng Yong Jun,30/5/2025,12/8/2025,Outpatient,Sirolimus,70.9,70,40.6,4.2,136,3.7,24,51,37,111,44,10,4.8,2.4,1.3,2.4,3.9,14,189,5.79,,3.79
RT1001,3401P,Ng Yong Jun,30/5/2025,19/8/2025,Outpatient,Sirolimus,101.4,73.8,42.4,2.7,139,4.2,25,14,19,106,63,9,6.5,4.4,1.3,2.1,8.9,13.3,247,6.01,,4.71
RT1001,3401P,Ng Yong Jun,30/5/2025,26/8/2025,Outpatient,Sirolimus,118.3,62.9,37.2,6.4,133,3.9,29,17,24,71,59,19,6.8,4.2,1.3,2.9,5.8,13.7,258,3.84,,3.4
RT1088,9118M,Teo Ying Hui,9/6/2025,10/6/2025,Inpatient,Sirolimus,117.2,39.3,34.4,6.2,137,4.3,20,41,38,113,66,18,5.9,3.7,1.1,2.3,5.5,11.7,222,3.5,,3.81
RT1088,9118M,Teo Ying Hui,9/6/2025,11/6/2025,Inpatient,Sirolimus,83.6,83.9,37,8.1,141,4.3,19,18,17,93,60,16,6.4,3.9,1.1,3,6.8,12.6,206,10.11,,4.18
RT1088,9118M,Teo Ying Hui,9/6/2025,12/6/2025,Inpatient,Sirolimus,140.8,86.9,30.1,8.2,136,5.1,22,39,41,110,76,10,6.9,5.3,1.1,1.1,5.8,12.9,268,10.17,,2.92
RT1088,9118M,Teo Ying Hui,9/6/2025,13/6/2025,Inpatient,Sirolimus,134.9,110.6,36.5,6.8,142,4.8,24,37,35,93,107,19,6.4,4.3,0.9,2.8,7.5,15.5,218,8.32,,5.35
RT1088,9118M,Teo Ying Hui,9/6/2025,14/6/2025,Inpatient,Sirolimus,78.5,68.7,33.6,7.9,137,3.5,27,21,32,101,61,20,5.6,4,1,1.4,11.2,11.6,190,9.32,,5.06
RT1088,9118M,Teo Ying Hui,9/6/2025,15/6/2025,Inpatient,Sirolimus,129.2,68.3,30.9,11.5,131,5.1,26,37,24,124,71,9,6.4,5,0.7,1.8,6.9,11.3,209,6.47,,3.01
RT1088,9118M,Teo Ying Hui,9/6/2025,22/6/2025,Outpatient,Sirolimus,93.2,54.2,39.8,5.2,143,3.9,25,11,42,108,69,13,5.8,3.8,0.9,2.6,4.8,12.1,223,8.03,,4.47
RT1088,9118M,Teo Ying Hui,9/6/2025,29/6/2025,Outpatient,Sirolimus,97.7,90.3,42.3,5.6,137,4.4,24,24,23,113,53,16,5.5,3,1.2,2.9,5.2,13.4,360,9.44,,2.41
RT1088,9118M,Teo Ying Hui,9/6/2025,6/7/2025,Outpatient,Sirolimus,116,74.5,40.4,9.1,140,4.3,24,28,37,102,50,11,6.5,4.6,1,2,6.6,14.4,233,6.49,,4.75
RT1088,9118M,Teo Ying Hui,9/6/2025,13/7/2025,Outpatient,Sirolimus,95.6,66.7,38.1,8.9,140,4.3,25,37,19,86,59,15,6,3.6,1.3,2.4,6.4,12.5,308,5.9,,4.6
RT1088,9118M,Teo Ying Hui,9/6/2025,20/7/2025,Outpatient,Sirolimus,124.4,62.2,39.5,7.5,137,5.1,22,29,21,101,48,13,5.5,3.4,0.9,2.8,5.9,12.5,330,4.57,,2.52
RT1088,9118M,Teo Ying Hui,9/6/2025,27/7/2025,Outpatient,Sirolimus,91.3,68.7,37.9,6.9,132,4.3,27,29,22,71,52,21,5.3,3,1.5,1.8,7.6,13.4,217,6.2,,4.24
RT1088,9118M,Teo Ying Hui,9/6/2025,3/8/2025,Outpatient,Sirolimus,123.6,56.5,35.8,5.2,143,4.3,25,29,24,84,13,12,5.9,4.3,1.1,0.9,5,13.9,325,5.27,,2.46
RT1088,9118M,Teo Ying Hui,9/6/2025,10/8/2025,Outpatient,Sirolimus,87.1,67.2,41.6,7,142,4,25,33,27,92,54,12,6.1,4.1,1.2,1.8,5.5,13.9,192,7.71,,3.7
RT1088,9118M,Teo Ying Hui,9/6/2025,17/8/2025,Outpatient,Sirolimus,103.9,91.3,39.3,5.6,140,4.3,24,26,25,118,41,13,6.3,4,0.9,3.2,5.7,12.7,238,7.54,,4.74
RT1088,9118M,Teo Ying Hui,9/6/2025,24/8/2025,Outpatient,Sirolimus,81.5,71.7,37.6,9.6,138,4.4,21,16,43,48,48,18,6.9,4.3,1.3,2.8,8.4,11.6,284,8.32,,3.49
RT1088,9118M,Teo Ying Hui,9/6/2025,31/8/2025,Outpatient,Sirolimus,77.6,77.6,43.2,5.6,135,4,23,23,25,73,45,16,5,2.7,1.7,1.1,6.2,14.7,313,8.76,,4.68
RT1088,9118M,Teo Ying Hui,9/6/2025,7/9/2025,Outpatient,Sirolimus,90.8,57.8,42.6,6.2,134,4,29,42,19,95,79,15,6.8,4,1.7,2.5,5.3,12,228,6.38,,3.16
RT1019,7067A,Ananya Nair,2/7/2025,3/7/2025,Inpatient,Everolimus,125.2,48.2,35,8,134,5.4,24,35,30,88,119,14,6.4,4.2,0.9,2.9,5.1,12.9,235,3.73,,2.03
RT1019,7067A,Ananya Nair,2/7/2025,4/7/2025,Inpatient,Everolimus,84.8,43.2,28.2,8.3,143,3.9,25,13,27,100,89,7,6.4,3.9,1.3,2.5,8.4,11.5,270,4.14,,3.23
RT1019,7067A,Ananya Nair,2/7/2025,5/7/2025,Inpatient,Everolimus,133.2,70.1,38.9,9.3,134,4.7,21,22,27,78,114,13,5.4,3.3,1.3,1.8,2,10.4,238,4.93,,2.02
RT1019,7067A,Ananya Nair,2/7/2025,6/7/2025,Inpatient,Everolimus,157.1,50.4,38.5,8.9,142,4.1,24,43,31,107,88,14,7.2,4.8,1.3,2.4,8.2,11.9,335,5,,1.85
RT1019,7067A,Ananya Nair,2/7/2025,7/7/2025,Inpatient,Everolimus,116.1,51.9,30.2,11.4,137,4.2,25,8,15,121,63,5,6.3,3.6,1.4,3,6.7,12.8,201,5.52,,1.91
RT1019,7067A,Ananya Nair,2/7/2025,8/7/2025,Inpatient,Everolimus,123.2,101.1,35.1,8.9,137,3.8,24,30,30,104,70,17,5.8,3.6,1.2,2.3,7.5,10.8,242,6.24,,2.59
RT1019,7067A,Ananya Nair,2/7/2025,9/7/2025,Inpatient,Everolimus,102.3,54.2,38.5,9.2,142,3.9,25,25,26,108,70,21,5.1,2.9,1.4,1.9,6.5,13.4,242,4.95,,3.02
RT1019,7067A,Ananya Nair,2/7/2025,16/7/2025,Outpatient,Everolimus,112.2,86.3,40.3,4.8,139,4.3,22,30,35,80,96,19,6.1,4.4,1.4,0.8,6.9,14.2,277,4.49,,2.21
RT1019,7067A,Ananya Nair,2/7/2025,23/7/2025,Outpatient,Everolimus,120.6,74.7,43.2,10.5,143,4.5,26,42,15,88,87,9,5.3,2.7,1.4,2.7,4.4,11.8,188,4.82,,2.38
RT1019,7067A,Ananya Nair,2/7/2025,30/7/2025,Outpatient,Everolimus,94.7,68.3,37.7,2.2,138,4.1,23,53,18,98,57,17,5.7,3.6,1,2.3,6.7,13.8,254,3.15,,2.47
RT1019,7067A,Ananya Nair,2/7/2025,6/8/2025,Outpatient,Everolimus,105.5,63.9,39.3,8,140,4.3,20,29,47,86,67,10,6.3,3.9,1,3,6.5,14.4,202,2.76,,2.69
RT1019,7067A,Ananya Nair,2/7/2025,13/8/2025,Outpatient,Everolimus,114.5,82.4,40.3,5.2,136,4.2,24,32,26,50,78,6,6,4,1.1,1.9,6.4,13.9,275,4.93,,1.63
RT1019,7067A,Ananya Nair,2/7/2025,20/8/2025,Outpatient,Everolimus,143.4,71.5,40.3,9.7,143,3.5,23,37,8,93,62,18,4.9,3.2,1.1,1.4,4.3,12.8,241,4.56,,2.45
RT1019,7067A,Ananya Nair,2/7/2025,27/8/2025,Outpatient,Everolimus,78.6,68.5,40.1,3.4,141,4.3,25,20,31,83,61,19,5,2.9,1.4,1.5,8.7,11.2,311,4.01,,2.05
RT1019,7067A,Ananya Nair,2/7/2025,3/9/2025,Outpatient,Everolimus,106.4,86.2,40.3,7.6,145,4.1,22,34,40,82,67,13,6.3,4.2,1,2.5,6.6,13.2,236,4.3,,1.85
RT1019,7067A,Ananya Nair,2/7/2025,10/9/2025,Outpatient,Everolimus,74,59.7,41.7,2.3,137,4.7,25,23,21,93,28,18,6.4,4.3,1.4,1.6,7.6,13.4,287,2.82,,1.46
RT1019,7067A,Ananya Nair,2/7/2025,17/9/2025,Outpatient,Everolimus,102.1,77.3,40.1,4.2,136,4.8,25,14,32,142,49,9,7.1,5.4,0.9,1.9,6.1,14.7,303,2.16,,2.43
RT1019,7067A,Ananya Nair,2/7/2025,24/9/2025,Outpatient,Everolimus,96.1,84.3,36.8,10,138,4.2,24,34,23,91,83,14,5.2,3.1,1.3,1.7,5.9,13.9,329,3.39,,2.52
RT1019,7067A,Ananya Nair,2/7/2025,1/10/2025,Outpatient,Everolimus,75.6,54.7,41.6,7.3,140,4.3,25,37,34,68,70,16,5.3,2.8,1.2,2.7,5.6,12.9,275,5.51,,2.51
RT1065,0498I,Arjun Iyer,2/6/2025,3/6/2025,Inpatient,Everolimus,145.6,40.5,33.3,9.4,134,4.6,24,43,22,82,29,24,6.1,4.3,0.9,2,4.3,13.4,292,6.11,,2.67
RT1065,0498I,Arjun Iyer,2/6/2025,4/6/2025,Inpatient,Everolimus,132.7,62.1,34.1,8,136,4.1,23,58,23,64,63,14,5.7,3.6,1.2,2.1,8.7,12.3,198,5.42,,2.63
RT1065,0498I,Arjun Iyer,2/6/2025,5/6/2025,Inpatient,Everolimus,109.4,57.2,32.5,6.6,135,3.7,22,21,35,99,82,16,6.1,3.9,0.9,2.7,7.8,12.9,278,5.5,,2.38
RT1065,0498I,Arjun Iyer,2/6/2025,6/6/2025,Inpatient,Everolimus,118.8,85.8,36.7,8.2,133,3.5,22,43,35,120,65,12,5.5,3.3,1.1,2.3,6.7,12.5,203,4.47,,3.24
RT1065,0498I,Arjun Iyer,2/6/2025,7/6/2025,Inpatient,Everolimus,141.6,77.5,34.3,7.1,137,3.5,19,10,24,130,80,12,4.9,2.9,1,2.2,9.8,12.5,148,5.87,,2.29
RT1065,0498I,Arjun Iyer,2/6/2025,8/6/2025,Inpatient,Everolimus,84,74,38.5,5.8,132,4.1,23,27,27,87,71,19,5.1,3.4,1,1.4,9.9,10.5,202,5.03,,2.13
RT1065,0498I,Arjun Iyer,2/6/2025,9/6/2025,Inpatient,Everolimus,146.9,63,37.4,6.5,136,4.3,20,24,27,96,76,14,6.4,4.2,1,2.6,8.5,13.5,217,4.36,,2.29
RT1065,0498I,Arjun Iyer,2/6/2025,10/6/2025,Inpatient,Everolimus,80.6,70.7,42.4,4.7,140,4.7,20,49,34,139,63,12,5.3,3.4,0.9,2.1,8.2,13.6,241,5.94,,2.13
RT1065,0498I,Arjun Iyer,2/6/2025,17/6/2025,Outpatient,Everolimus,114.2,55.2,39.6,8.2,139,4,24,23,32,101,58,7,6.2,3.7,1.4,2.3,5.5,11.6,241,3.8,,2.1
RT1065,0498I,Arjun Iyer,2/6/2025,24/6/2025,Outpatient,Everolimus,109.8,58.8,40.6,9.7,137,4.5,26,22,8,118,47,7,6.4,4.3,0.8,2.8,6.5,12.4,299,3.45,,2.85
RT1065,0498I,Arjun Iyer,2/6/2025,1/7/2025,Outpatient,Everolimus,90.9,113.4,42.2,6.2,145,3.6,26,13,23,84,63,18,4.8,2.8,1.1,2,9.9,13,262,2.83,,2.62
RT1065,0498I,Arjun Iyer,2/6/2025,8/7/2025,Outpatient,Everolimus,105.5,63.1,37.4,9.5,139,4.6,25,32,16,79,47,17,5.4,3.1,0.8,3.3,6.7,12.5,291,3.72,,2.29
RT1065,0498I,Arjun Iyer,2/6/2025,15/7/2025,Outpatient,Everolimus,142.1,52.4,40.1,4.6,140,5,22,37,22,92,50,15,5.8,3.8,1.1,2,3.9,12.9,223,4.17,,2.16
RT1065,0498I,Arjun Iyer,2/6/2025,22/7/2025,Outpatient,Everolimus,84.9,116.8,38.3,9.5,138,4,25,30,11,133,44,11,5.1,3.2,1,1.9,6.4,12.3,239,2.04,,2.03
RT1065,0498I,Arjun Iyer,2/6/2025,29/7/2025,Outpatient,Everolimus,103.6,88,40.4,8.6,137,4.1,23,19,28,53,78,13,5.1,3,1.1,2,7.1,13.4,333,4.38,,2.59
RT1065,0498I,Arjun Iyer,2/6/2025,5/8/2025,Outpatient,Everolimus,100.1,75.2,38.6,6.5,141,4,24,30,32,71,57,11,5.8,3.2,1.7,2,6.3,13.7,195,5.09,,1.99
RT1065,0498I,Arjun Iyer,2/6/2025,12/8/2025,Outpatient,Everolimus,110.4,69.8,34.9,9.4,141,4.5,23,24,16,76,47,16,6.5,4.7,0.9,2.1,6.8,13.8,176,5.16,,1.99
RT1065,0498I,Arjun Iyer,2/6/2025,19/8/2025,Outpatient,Everolimus,91.3,78,41.5,8.3,142,4.3,25,13,32,140,50,13,6.3,4.4,1.1,1.6,6.8,11.2,184,2.98,,2.37
RT1065,0498I,Arjun Iyer,2/6/2025,26/8/2025,Outpatient,Everolimus,98.7,80.2,37.3,8,144,4.2,24,28,27,70,39,12,5.8,3.7,1.2,2.1,6.2,13.4,232,5.2,,1.72
RT1065,0498I,Arjun Iyer,2/6/2025,2/9/2025,Outpatient,Everolimus,88.5,76.4,39.8,7.4,139,4.2,24,39,30,53,39,12,5.5,3.4,1.2,1.9,5.7,12.7,208,6.19,,2.5
